Sample,GrafGen,FS,FSsub,DAP6,fastBAPS,PopPUNK
HpGP-ALG-001,hpgpMediterranea,1,hspSWEurope,1,2,2424
HpGP-ALG-002,hpgpEuroamerica,1,hspSWEurope,1,2,2423
HpGP-ALG-003,hpgpEuroamerica,1,hspSWEurope,1,2,2422
HpGP-ALG-004,hpgpMediterranea,1,hspSWEurope,1,2,2421
HpGP-ALG-005,hpgpMediterranea,1,hspSWEurope,1,2,2420
HpGP-ALG-006,hpgpMediterranea,1,hspSWEurope,1,2,2419
HpGP-ALG-007,hpgpMediterranea,1,hspSWEurope,1,2,2418
HpGP-ALG-008,hpgpMediterranea,1,hspSWEurope,1,2,2417
HpGP-ALG-009,hpgpMediterranea,1,hspSWEurope,1,2,2416
HpGP-ALG-010,hpgpMediterranea,1,hspSWEurope,1,2,2415
HpGP-ARG-001,hpgpMediterranea,1,hspSWEurope,1,2,2414
HpGP-ARG-002,hpgpEuroamerica,1,hspSWEurope,1,2,2413
HpGP-ARG-003,hpgpMediterranea,1,hspSWEurope,1,2,2412
HpGP-ARG-004,hpgpMediterranea,1,hspSWEurope,1,2,2411
HpGP-ARG-005,hpgpMediterranea,1,hspSWEurope,1,2,2410
HpGP-ARG-006,hpgpAfroamerica,3,hspAfrica1SAfrica,2,3,2409
HpGP-ARG-007,hpgpMediterranea,1,hspSWEurope,1,2,2408
HpGP-ARG-008,hpgpAsia,4,hspEAsia,5,6,2407
HpGP-ARG-009,hpgpAsia,4,hspEAsia,5,6,2406
HpGP-ARG-010,hpgpAsia,4,hspEAsia,5,6,2405
HpGP-BGD-001,hpgpEurasia,4,HpAsia2,3,7,2404
HpGP-BGD-002,hpgpEurasia,4,HpAsia2,3,7,2403
HpGP-BGD-003,hpgpEurasia,4,HpAsia2,3,7,2402
HpGP-BGD-004,hpgpEurope,2,hspEurasia,3,8,2401
HpGP-BGD-005,hpgpEurope,2,hspEurasia,1,8,359
HpGP-BGD-006,hpgpEurope,2,hspEurasia,3,8,2400
HpGP-BGD-007,hpgpEurope,2,hspEurasia,1,8,2399
HpGP-BGD-008,hpgpEurasia,4,HpAsia2,3,7,2398
HpGP-BGD-009,hpgpEurope,2,hspEurasia,3,8,2397
HpGP-BGD-010,hpgpEurope,2,hspEurasia,3,8,2396
HpGP-BGR-001,hpgpEurope,2,hspEurasia,1,8,2395
HpGP-BGR-003,hpgpEurope,2,hspEurasia,3,8,2394
HpGP-BGR-004,hpgpEurope,2,hspEurasia,1,8,2393
HpGP-BGR-005,hpgpEurope,2,hspEurasia,3,8,2392
HpGP-BGR-006,hpgpEurope,2,hspEurasia,3,8,2391
HpGP-BGR-007,hpgpEurope,2,hspEurasia,3,8,2390
HpGP-BGR-008,hpgpEurope,2,hspEurasia,3,8,2389
HpGP-BGR-010,hpgpEurope,2,hspEurasia,3,8,2388
HpGP-BRA-001,hpgpAfrica,3,hspAfrica1NAmerica,2,3,2387
HpGP-BRA-002,hpgpAfrica,3,hspAfrica1NAmerica,2,3,2386
HpGP-BRA-003,hpgpMediterranea,1,hspSWEurope,1,2,2385
HpGP-BRA-004,hpgpEurope,2,hspEurasia,1,8,2384
HpGP-BRA-005,hpgpAfrica,3,hspAfrica1SAfrica,2,3,2383
HpGP-BRA-006,hpgpMediterranea,1,hspSWEurope,1,2,2382
HpGP-BRA-007,hpgpAfrica,3,hspAfrica1SAfrica,2,3,2381
HpGP-BRA-008,hpgpEuroamerica,1,hspSWEuropeLatinAmerica,1,2,2380
HpGP-BRA-009,hpgpMediterranea,1,hspSWEurope,1,2,2379
HpGP-BRA-010,hpgpAfrica,3,hspAfrica1SAfrica,2,3,2378
HpGP-BRA-012,hpgpAsia,4,hspEAsia,5,6,2377
HpGP-BRA-013,hpgpAfrica,3,hspAfrica1SAfrica,2,3,2376
HpGP-BRA-014,hpgpAfroamerica,3,hspAfrica1NAmerica,2,3,2375
HpGP-BRA-015,hpgpEurope,2,hspEurasia,3,8,2374
HpGP-BRA-017,hpgpMediterranea,1,hspSWEurope,1,2,2373
HpGP-BRA-018,hpgpAfrica,3,hspAfrica1NAmerica,2,3,2372
HpGP-BRA-019,hpgpAfrica,3,hspAfrica1NAmerica,2,3,2371
HpGP-BRA-020,hpgpAfrica,3,hspAfrica1SAfrica,2,3,2370
HpGP-BRA-022,hpgpAfrica,3,hspAfrica1SAfrica,2,3,2369
HpGP-BRA-023,hpgpAfroamerica,3,hspAfrica1SAfrica,2,3,2368
HpGP-BRA-025,hpgpEuroamerica,1,hspSWEurope,1,2,2367
HpGP-CAN-001,hpgpAsia,4,hspIndigenousAmerica,5,6,2366
HpGP-CAN-002,hpgpAfroamerica,3,hspAfrica1MiscAmerica,2,3,1558
HpGP-CAN-004,hpgpAfroamerica,3,hspAfrica1MiscAmerica,2,3,1558
HpGP-CAN-006,hpgpAklavik86-like,4,hspIndigenousAmerica,5,5,1557
HpGP-CAN-007,hpgpAklavik86-like,4,hspIndigenousAmerica,5,5,290
HpGP-CAN-008,hpgpEurasia,2,hspNEurope,3,8,1556
HpGP-CAN-010,hpgpAklavik86-like,4,hspIndigenousAmerica,5,5,1161
HpGP-CAN-011,hpgpAklavik86-like,4,hspIndigenousAmerica,5,5,1557
HpGP-CAN-012,hpgpAfroamerica,3,hspAfrica1NAmerica,2,3,2365
HpGP-CAN-014,hpgpEurasia,2,hspNEurope,3,8,1556
HpGP-CAN-015,hpgpAklavik86-like,4,hspIndigenousAmerica,5,5,1161
HpGP-CAN-016,hpgpAklavik86-like,4,hspIndigenousAmerica,5,5,2364
HpGP-CAN-017,hpgpEurasia,2,hspNEurope,3,8,2363
HpGP-CAN-018,hpgpAklavik86-like,4,hspIndigenousAmerica,5,5,2362
HpGP-CAN-019,hpgpAklavik86-like,4,hspIndigenousAmerica,5,5,2361
HpGP-CAN-020,hpgpAsia,4,hspIndigenousAmerica,5,6,2360
HpGP-CAN-022,hpgpEurasia,2,hspNEurope,3,8,1540
HpGP-CAN-023,hpgpAsia,4,hspIndigenousAmerica,5,6,2359
HpGP-CAN-025,hpgpEurasia,2,hspNEurope,3,8,1540
HpGP-CAN-026,hpgpEurasia,2,hspNEurope,3,8,1540
HpGP-CHI-001,hpgpMediterranea,1,hspSWEuropeChile,1,2,2358
HpGP-CHI-002,hpgpMediterranea,1,hspSWEuropeChile,1,2,2357
HpGP-CHI-004,hpgpEuroamerica,1,hspSWEuropeChile,1,2,2356
HpGP-CHI-005,hpgpEuroamerica,1,hspSWEuropeChile,1,2,2355
HpGP-CHI-006,hpgpMediterranea,1,hspSWEuropeChile,1,2,2354
HpGP-CHI-007,hpgpMediterranea,1,hspSWEuropeChile,1,2,2353
HpGP-CHI-008,hpgpMediterranea,1,hspSWEuropeChile,1,2,2352
HpGP-CHI-010,hpgpMediterranea,1,hspSWEuropeChile,1,2,2351
HpGP-CHI-011,hpgpEuroamerica,1,hspSWEuropeChile,1,2,2350
HpGP-CHI-014,hpgpMediterranea,1,hspSWEuropeChile,1,2,2349
HpGP-CHI-016,hpgpMediterranea,1,hspSWEuropeChile,1,2,2348
HpGP-CHI-017,hpgpMediterranea,1,hspSWEuropeChile,1,2,2347
HpGP-CHI-018,hpgpEuroamerica,1,hspSWEuropeChile,1,2,2346
HpGP-CHI-021,hpgpEuroamerica,1,hspSWEuropeChile,1,2,2345
HpGP-CHI-022,hpgpAfroamerica,1,hspSWEuropeChile,1,2,2344
HpGP-CHI-023,hpgpEuroamerica,1,hspSWEuropeChile,1,2,2343
HpGP-CHI-024,hpgpEuroamerica,1,hspSWEuropeChile,1,2,2342
HpGP-CHI-026,hpgpEuroamerica,1,hspSWEuropeChile,1,2,2341
HpGP-CHI-027,hpgpEuroamerica,1,hspSWEuropeChile,1,2,2340
HpGP-CHI-028,hpgpEuroamerica,1,hspSWEuropeChile,1,2,2339
HpGP-CHI-101,hpgpMediterranea,1,hspSWEuropeChile,1,2,1555
HpGP-CHI-102,hpgpMediterranea,1,hspSWEuropeChile,1,2,2338
HpGP-CHI-103,hpgpMediterranea,1,hspSWEuropeChile,1,2,1539
HpGP-CHI-104,hpgpMediterranea,1,hspSWEuropeChile,1,2,2337
HpGP-CHI-105,hpgpAklavik86-like,4,hspIndigenousAmerica,5,4,2336
HpGP-CHI-106,hpgpMediterranea,1,hspSWEuropeChile,1,2,2335
HpGP-CHI-107,hpgpMediterranea,1,hspSWEuropeChile,1,2,1539
HpGP-CHI-110,hpgpMediterranea,1,hspSWEuropeChile,1,2,2334
HpGP-CHI-113,hpgpMediterranea,1,hspSWEuropeChile,1,2,2333
HpGP-CHI-114,hpgpMediterranea,1,hspSWEuropeChile,1,2,2332
HpGP-CHI-116,hpgpAklavik86-like,4,hspIndigenousAmerica,5,4,2331
HpGP-CHI-117,hpgpMediterranea,1,hspSWEuropeChile,1,2,2330
HpGP-CHI-119,hpgpEuroamerica,1,hspSWEuropeChile,1,2,2329
HpGP-CHI-120,hpgpAfroamerica,1,hspSWEuropeChile,2,3,2328
HpGP-CHI-122,hpgpEuroamerica,1,hspSWEuropeChile,1,2,2327
HpGP-CHI-123,hpgpEuroamerica,1,hspSWEuropeChile,1,2,2326
HpGP-CHI-124,hpgpAfroamerica,1,hspSWEuropeChile,1,2,2325
HpGP-CHI-125,hpgpEuroamerica,1,hspSWEuropeChile,1,2,2324
HpGP-CHI-126,hpgpMediterranea,1,hspSWEuropeChile,1,2,1555
HpGP-CHI-127,hpgpEuroamerica,1,hspSWEuropeChile,1,2,2323
HpGP-CHI-204,hpgpMediterranea,1,hspSWEuropeChile,1,2,2322
HpGP-CHI-207,hpgpEuroamerica,1,hspSWEuropeChile,1,2,2321
HpGP-CHI-208,hpgpAsia,4,hspEAsia,5,6,2320
HpGP-CHI-209,hpgpEuroamerica,1,hspSWEuropeChile,1,2,2319
HpGP-CHI-210,hpgpMediterranea,1,hspSWEuropeChile,1,2,1539
HpGP-CHI-212,hpgpEuroamerica,1,hspSWEuropeLatinAmerica,1,2,2318
HpGP-CHN-001,hpgpAsia,4,hspEAsia,5,6,2317
HpGP-CHN-002,hpgpAsia,4,hspEAsia,5,6,2316
HpGP-CHN-003,hpgpAsia,4,hspEAsia,5,6,2315
HpGP-CHN-004,hpgpAsia,4,hspEAsia,5,6,2314
HpGP-CHN-005,hpgpAsia,4,hspEAsia,5,6,2313
HpGP-CHN-006,hpgpAsia,4,hspEAsia,5,6,2312
HpGP-CHN-007,hpgpAsia,4,hspEAsia,5,6,2311
HpGP-CHN-008,hpgpAsia,4,hspEAsia,5,6,2310
HpGP-CHN-009,hpgpAsia,4,hspEAsia,5,6,2309
HpGP-CHN-010,hpgpAsia,4,hspEAsia,5,6,2308
HpGP-COG-001,hpgpAfrica,3,hspAfrica1SAfrica,2,3,2307
HpGP-COG-002,hpgpMediterranea,1,hspSWEurope,1,2,2306
HpGP-COG-003,hpgpAfrica,3,hspAfrica1SAfrica,2,3,2305
HpGP-COG-004,hpgpAfrica,3,hspAfrica1SAfrica,2,3,2304
HpGP-COG-005,hpgpAfrica,3,hspAfrica1SAfrica,2,3,2303
HpGP-COG-006,hpgpAfrica,3,hspAfrica1SAfrica,2,3,2302
HpGP-COG-007,hpgpAfrica,3,hspAfrica1SAfrica,2,3,2301
HpGP-COG-008,hpgpAfrica,3,hspAfrica1SAfrica,2,3,2300
HpGP-COG-009,hpgpAfrica,3,hspAfrica1SAfrica,2,3,2299
HpGP-COG-010,hpgpAfrica,3,hspAfrica1SAfrica,2,3,2298
HpGP-COG-011,hpgpAfrica,3,hspAfrica1SAfrica,2,3,2297
HpGP-COL-002,hpgpMediterranea,1,hspSWEurope,1,2,2296
HpGP-COL-003,hpgpAfroamerica,3,hspAfrica1MiscAmerica,2,3,2295
HpGP-COL-004,hpgpMediterranea,1,hspSWEurope,1,2,2294
HpGP-COL-005,hpgpMediterranea,1,hspSWEuropeLatinAmerica,1,2,2293
HpGP-COL-006,hpgpAfroamerica,3,hspAfrica1MiscAmerica,2,3,192
HpGP-COL-008,hpgpEuroamerica,1,hspSWEuropeLatinAmerica,1,2,2292
HpGP-COL-010,hpgpMediterranea,1,hspSWEurope,1,2,1077
HpGP-COL-102,hpgpAfroamerica,3,hspAfrica1MiscAmerica,2,3,1073
HpGP-COL-103,hpgpEuroamerica,1,hspSWEuropeLatinAmerica,1,2,2291
HpGP-COL-104,hpgpEuroamerica,1,hspSWEuropeLatinAmerica,1,2,1066
HpGP-COL-105,hpgpMediterranea,1,hspSWEuropeLatinAmerica,1,2,175
HpGP-COL-106,hpgpMediterranea,1,hspSWEuropeLatinAmerica,1,2,2290
HpGP-COL-107,hpgpEuroamerica,1,hspSWEuropeLatinAmerica,1,2,1067
HpGP-COL-108,hpgpAfroamerica,3,hspAfrica1MiscAmerica,2,3,168
HpGP-COL-109,hpgpAfroamerica,3,hspAfrica1MiscAmerica,2,3,185
HpGP-COL-110,hpgpEuroamerica,1,hspSWEuropeLatinAmerica,1,2,186
HpGP-COL-112,hpgpEuroamerica,1,hspSWEuropeLatinAmerica,1,2,196
HpGP-COL-113,hpgpEuroamerica,1,hspSWEuropeLatinAmerica,1,2,194
HpGP-COL-114,hpgpEuroamerica,1,hspSWEuropeLatinAmerica,1,2,195
HpGP-COL-118,hpgpEuroamerica,1,hspSWEuropeLatinAmerica,1,2,171
HpGP-COL-119,hpgpEuroamerica,1,hspSWEuropeLatinAmerica,1,2,161
HpGP-COL-120,hpgpEuroamerica,1,hspSWEuropeLatinAmerica,1,2,1010
HpGP-COL-121,hpgpEuroamerica,1,hspSWEuropeLatinAmerica,1,2,1009
HpGP-COL-122,hpgpEuroamerica,1,hspSWEuropeLatinAmerica,1,2,183
HpGP-COL-201,hpgpMediterranea,1,hspSWEuropeLatinAmerica,1,2,1554
HpGP-COL-202,hpgpMediterranea,1,hspSWEuropeLatinAmerica,1,2,1554
HpGP-COL-203,hpgpMediterranea,1,hspSWEuropeLatinAmerica,1,2,2289
HpGP-COL-204,hpgpEuroamerica,1,hspSWEuropeLatinAmerica,1,2,2288
HpGP-COL-205,hpgpAfrica,3,hspAfrica1NAmerica,2,3,309
HpGP-COL-206,hpgpEuroamerica,3,hspAfrica1MiscAmerica,1,2,2287
HpGP-COL-207,hpgpAfroamerica,3,hspAfrica1NAmerica,2,3,1191
HpGP-COL-208,hpgpAfrica,3,hspAfrica1NAmerica,2,3,1006
HpGP-COL-209,hpgpMediterranea,1,hspSWEuropeChile,1,2,2286
HpGP-COL-210,hpgpEuroamerica,1,hspSWEuropeLatinAmerica,1,2,2285
HpGP-COL-211,hpgpEuroamerica,1,hspSWEuropeLatinAmerica,1,2,1192
HpGP-COL-301,hpgpEuroamerica,1,hspSWEuropeLatinAmerica,1,2,2284
HpGP-COL-302,hpgpEuroamerica,1,hspSWEuropeLatinAmerica,1,2,2283
HpGP-COL-303,hpgpEuroamerica,1,hspSWEuropeLatinAmerica,1,2,2282
HpGP-COL-305,hpgpMediterranea,1,hspSWEurope,1,2,2281
HpGP-COL-306,hpgpAfroamerica,3,hspAfrica1NAmerica,2,3,2280
HpGP-COL-307,hpgpEuroamerica,1,hspSWEuropeLatinAmerica,1,2,2279
HpGP-COL-308,hpgpEuroamerica,1,hspSWEuropeLatinAmerica,1,2,2278
HpGP-COL-309,hpgpEuroamerica,1,hspSWEuropeLatinAmerica,1,2,2277
HpGP-COL-310,hpgpMediterranea,1,hspSWEurope,1,2,2276
HpGP-COL-318,hpgpAfroamerica,3,hspAfrica1SAfrica,1,2,2275
HpGP-CRI-001,hpgpEuroamerica,1,hspSWEuropeLatinAmerica,1,2,2274
HpGP-CRI-002,hpgpEuroamerica,1,hspSWEuropeLatinAmerica,1,2,2273
HpGP-CRI-003,hpgpEuroamerica,1,hspSWEuropeLatinAmerica,1,2,2272
HpGP-CRI-004,hpgpAfroamerica,3,hspAfrica1NAmerica,2,3,2271
HpGP-CRI-005,hpgpEuroamerica,1,hspSWEuropeLatinAmerica,1,2,2270
HpGP-CRI-006,hpgpEuroamerica,1,hspSWEuropeLatinAmerica,1,2,2269
HpGP-CRI-007,hpgpAfroamerica,3,hspAfrica1NAmerica,2,3,2268
HpGP-CRI-008,hpgpEuroamerica,1,hspSWEuropeLatinAmerica,1,2,2267
HpGP-DOM-001,hpgpMediterranea,1,hspSWEurope,1,2,2266
HpGP-DOM-002,hpgpMediterranea,1,hspSWEurope,1,2,2265
HpGP-DOM-003,hpgpEuroamerica,1,hspSWEuropeLatinAmerica,1,2,2264
HpGP-DOM-004,hpgpAfrica,3,hspAfrica1NAmerica,2,3,2263
HpGP-DOM-005,hpgpEuroamerica,1,hspSWEuropeLatinAmerica,1,2,2262
HpGP-DOM-006,hpgpAfrica,3,hspAfrica1NAmerica,2,3,2261
HpGP-DOM-007,hpgpAfroamerica,3,hspAfrica1NAmerica,2,3,2260
HpGP-DOM-008,hpgpMediterranea,1,hspSWEurope,1,2,2259
HpGP-DOM-009,hpgpMediterranea,1,hspSWEurope,1,2,2258
HpGP-DOM-010,hpgpMediterranea,1,hspSWEurope,1,2,2257
HpGP-DOM-011,hpgpAfrica,3,hspAfrica1NAmerica,2,3,2256
HpGP-FRA-001,hpgpMediterranea,1,hspSWEurope,1,2,2255
HpGP-FRA-002,hpgpMediterranea,2,hspEurasia,1,2,2254
HpGP-FRA-003,hpgpMediterranea,2,hspEurasia,1,2,2253
HpGP-FRA-004,hpgpMediterranea,2,hspEurasia,1,2,2252
HpGP-FRA-005,hpgpMediterranea,1,hspSWEurope,1,2,2251
HpGP-FRA-006,hpgpEurope,2,hspEurasia,1,8,2250
HpGP-FRA-007,hpgpEurope,2,hspEurasia,3,8,2249
HpGP-FRA-008,hpgpEurope,2,hspEurasia,1,8,2248
HpGP-FRA-009,hpgpMediterranea,1,hspSWEurope,1,2,2247
HpGP-FRA-010,hpgpMediterranea,1,hspSWEurope,1,2,2246
HpGP-FRA-011,hpgpEurope,2,hspEurasia,3,8,782
HpGP-FRA-012,hpgpEurope,2,hspNEurope,3,8,781
HpGP-FRA-013,hpgpEurope,2,hspEurasia,3,8,126
HpGP-FRA-014,hpgpEurope,2,hspNEurope,3,8,781
HpGP-FRA-015,hpgpEurope,2,hspEurasia,3,8,126
HpGP-FRA-016,hpgpEurope,2,hspEurasia,3,8,198
HpGP-FRA-017,hpgpEuroamerica,1,hspSWEurope,1,2,772
HpGP-FRA-018,hpgpMediterranea,2,hspEurasia,1,8,2245
HpGP-FRA-019,hpgpEurope,2,hspEurasia,1,2,778
HpGP-FRA-020,hpgpMediterranea,1,hspSWEurope,1,2,776
HpGP-FRA-021,hpgpEurope,2,hspEurasia,1,8,765
HpGP-GER-001,hpgpEurope,2,hspEurasia,3,8,2244
HpGP-GER-002,hpgpEurope,2,hspEurasia,3,8,2243
HpGP-GER-003,hpgpEurope,1,hspSWEurope,1,2,2242
HpGP-GER-004,hpgpEurope,2,hspEurasia,3,8,2241
HpGP-GER-005,hpgpEurope,2,hspEurasia,3,8,2240
HpGP-GER-006,hpgpEurope,2,hspEurasia,3,8,2239
HpGP-GER-007,hpgpEurope,2,hspEurasia,3,8,2238
HpGP-GER-009,hpgpEurope,2,hspEurasia,3,8,2237
HpGP-GER-010,hpgpEurope,2,hspEurasia,3,8,2236
HpGP-GER-012,hpgpEurope,2,hspEurasia,3,8,2235
HpGP-GER-013,hpgpEurope,2,hspNEurope,3,8,2234
HpGP-GER-015,hpgpEurope,2,hspEurasia,3,8,2233
HpGP-GER-016,hpgpEurope,2,hspEurasia,3,8,2232
HpGP-GER-018,hpgpMediterranea,1,hspSWEurope,1,2,2231
HpGP-GER-019,hpgpEurope,2,hspEurasia,3,8,2230
HpGP-GER-020,hpgpEurope,2,hspEurasia,3,8,2229
HpGP-GER-021,hpgpEurope,2,hspEurasia,3,8,2228
HpGP-GHA-003,hpgpAfrica,3,hspAfrica1NAmerica,2,3,2227
HpGP-GHA-009,hpgpAfrica,3,hspAfrica1NAmerica,2,3,2226
HpGP-GMB-003,hpgpAfrica,3,hspAfrica1WAfrica,2,3,2225
HpGP-GMB-004,hpgpAfrica,3,hspAfrica1WAfrica,2,3,1205
HpGP-GMB-007,hpgpAfrica,3,hspAfrica1WAfrica,2,3,1211
HpGP-GMB-008,hpgpAfrica,3,hspAfrica1WAfrica,2,3,1208
HpGP-GMB-009,hpgpAfrica,3,hspAfrica1NAmerica,2,3,6
HpGP-GRE-001,hpgpEurope,2,hspEurasia,1,8,2224
HpGP-GRE-002,hpgpEurope,2,hspEurasia,3,8,2223
HpGP-GRE-003,hpgpEurope,2,hspEurasia,1,8,2222
HpGP-GRE-004,hpgpEurope,2,hspEurasia,1,8,2221
HpGP-GRE-005,hpgpEurope,2,hspEurasia,1,8,2220
HpGP-GRE-006,hpgpEurope,2,hspEurasia,1,8,2219
HpGP-GRE-008,hpgpEurope,2,hspEurasia,3,8,2218
HpGP-GRE-011,hpgpEurope,2,hspEurasia,3,8,2217
HpGP-GRE-012,hpgpEurope,2,hspEurasia,1,8,2216
HpGP-GRE-018,hpgpEurope,2,hspEurasia,3,8,2215
HpGP-GRE-019,hpgpEurope,2,hspEurasia,3,8,2214
HpGP-GRE-020,hpgpEurope,2,hspEurasia,1,8,2213
HpGP-GRE-022,hpgpEurope,2,hspEurasia,1,8,2212
HpGP-GRE-036,hpgpEurope,2,hspEurasia,1,8,2211
HpGP-GRE-039,hpgpEurope,2,hspEurasia,1,8,2210
HpGP-GRE-040,hpgpMediterranea,2,hspEurasia,1,8,2209
HpGP-GRE-041,hpgpEurope,2,hspEurasia,1,8,1553
HpGP-GRE-042,hpgpEurope,2,hspEurasia,1,8,2208
HpGP-GRE-043,hpgpEurope,2,hspEurasia,3,8,2207
HpGP-GRE-044,hpgpEurope,2,hspEurasia,3,8,2206
HpGP-GRE-046,hpgpEurope,2,hspEurasia,1,8,1553
HpGP-GTM-004,hpgpEuroamerica,1,hspSWEuropeLatinAmerica,1,2,2205
HpGP-GTM-007,hpgpMediterranea,1,hspSWEuropeLatinAmerica,1,2,2204
HpGP-GTM-010,hpgpAfroamerica,3,hspAfrica1SAfrica,2,3,2203
HpGP-HON-001,hpgpEuroamerica,1,hspSWEuropeLatinAmerica,1,2,1552
HpGP-HON-002,hpgpEuroamerica,1,hspSWEuropeLatinAmerica,1,2,1552
HpGP-HON-003,hpgpAfroamerica,3,hspAfrica1SAfrica,2,3,2202
HpGP-HON-004,hpgpAfroamerica,3,hspAfrica1SAfrica,2,3,2201
HpGP-HON-005,hpgpEuroamerica,1,hspSWEuropeLatinAmerica,1,2,2200
HpGP-HON-006,hpgpEuroamerica,3,hspAfrica1MiscAmerica,1,3,2199
HpGP-HON-007,hpgpAfroamerica,3,hspAfrica1SAfrica,2,3,1551
HpGP-HON-009,hpgpEuroamerica,1,hspSWEuropeLatinAmerica,1,2,2198
HpGP-HON-010,hpgpAfroamerica,3,hspAfrica1SAfrica,2,3,2197
HpGP-HON-011,hpgpEuroamerica,1,hspSWEuropeLatinAmerica,1,2,2196
HpGP-HON-012,hpgpAfroamerica,3,hspAfrica1SAfrica,2,3,2195
HpGP-HON-013,hpgpAfroamerica,3,hspAfrica1MiscAmerica,2,3,2194
HpGP-HON-014,hpgpAfroamerica,3,hspAfrica1MiscAmerica,2,3,2193
HpGP-HON-015,hpgpAfroamerica,3,hspAfrica1SAfrica,2,3,2192
HpGP-HON-016,hpgpEuroamerica,1,hspSWEuropeLatinAmerica,1,2,2191
HpGP-HON-017,hpgpAfrica,3,hspAfrica1SAfrica,2,3,2190
HpGP-HON-018,hpgpAfroamerica,3,hspAfrica1SAfrica,2,3,1551
HpGP-HON-019,hpgpAfroamerica,3,hspAfrica1SAfrica,2,3,2189
HpGP-HON-020,hpgpAfroamerica,3,hspAfrica1SAfrica,2,3,2188
HpGP-HON-021,hpgpAfroamerica,3,hspAfrica1SAfrica,2,3,2187
HpGP-HON-023,hpgpAfroamerica,3,hspAfrica1SAfrica,2,3,2186
HpGP-HON-024,hpgpMediterranea,1,hspSWEuropeLatinAmerica,1,2,2185
HpGP-HON-025,hpgpEuroamerica,1,hspSWEuropeLatinAmerica,1,2,2184
HpGP-HON-026,hpgpEuroamerica,1,hspSWEuropeLatinAmerica,1,2,2183
HpGP-HON-027,hpgpEuroamerica,1,hspSWEuropeLatinAmerica,1,2,2182
HpGP-HON-028,hpgpEuroamerica,1,hspSWEuropeLatinAmerica,1,2,2181
HpGP-IDN-001,hpgpEuroamerica,4,hspUral,1,2,2180
HpGP-IDN-002,hpgpAsia,4,hspEAsia,5,6,2179
HpGP-IDN-003,hpgpEurope,2,hspEurasia,1,8,2178
HpGP-IDN-004,hpgpEurope,2,hspNEurope,3,8,2177
HpGP-IDN-005,hpgpAsia,4,hspEAsia,5,6,2176
HpGP-IDN-006,hpgpMediterranea,1,hspSWEurope,1,2,2175
HpGP-IDN-007,hpgpAsia,4,hspUral,5,6,2174
HpGP-IDN-008,hpgpAsia,4,hspEAsia,5,6,2173
HpGP-IDN-009,hpgpMediterranea,1,hspSWEuropeLatinAmerica,1,2,2172
HpGP-IDN-010,hpgpEurasia,4,hspUral,3,8,2171
HpGP-IDN-011,hpgpEurasia,4,hpSahul,6,8,2170
HpGP-IND-001,hpgpEurasia,4,HpAsia2,3,7,823
HpGP-IND-002,hpgpEurope,2,hspEurasia,3,8,814
HpGP-IND-003,hpgpEurope,2,hspEurasia,3,8,813
HpGP-IND-004,hpgpEurope,2,hspEurasia,3,8,812
HpGP-IND-005,hpgpEurope,2,hspEurasia,3,8,811
HpGP-IND-006,hpgpEurope,2,hspEurasia,1,8,800
HpGP-IND-007,hpgpEurasia,4,HpAsia2,3,7,821
HpGP-IND-008,hpgpEurasia,4,HpAsia2,3,7,797
HpGP-IND-009,hpgpEurasia,4,HpAsia2,3,7,829
HpGP-IND-010,hpgpEurasia,4,HpAsia2,3,7,824
HpGP-IRN-001,hpgpEurope,2,hspEurasia,3,8,2169
HpGP-IRN-002,hpgpEurope,2,hspEurasia,1,8,2168
HpGP-IRN-003,hpgpEurope,2,hspEurasia,1,8,2167
HpGP-IRN-009,hpgpEurope,2,hspEurasia,3,8,2166
HpGP-ISL-001,hpgpEurasia,2,hspNEurope,3,8,2165
HpGP-ISL-002,hpgpEurasia,2,hspNEurope,3,8,2164
HpGP-ISL-003,hpgpEurasia,2,hspNEurope,3,8,2163
HpGP-ISL-004,hpgpEurasia,2,hspNEurope,3,8,2162
HpGP-ISL-005,hpgpEurasia,2,hspNEurope,3,8,2161
HpGP-ISL-006,hpgpEurasia,2,hspNEurope,3,8,2160
HpGP-ISL-007,hpgpEurasia,2,hspNEurope,3,8,2159
HpGP-ISL-008,hpgpEurasia,2,hspNEurope,3,8,2158
HpGP-ISL-009,hpgpEurasia,2,hspNEurope,3,8,2157
HpGP-ISL-010,hpgpEurasia,2,hspNEurope,3,8,2156
HpGP-ISL-011,hpgpEurasia,2,hspNEurope,3,8,2155
HpGP-ISR-001,hpgpEurope,2,hspEurasia,1,8,248
HpGP-ISR-002,hpgpEurope,2,hspEurasia,1,8,2154
HpGP-ISR-003,hpgpMediterranea,2,hspEurasia,1,8,1324
HpGP-ISR-004,hpgpEurope,2,hspEurasia,1,8,249
HpGP-ISR-005,hpgpMediterranea,1,hspSWEurope,1,2,5
HpGP-ISR-006,hpgpEurope,2,hspEurasia,3,8,1321
HpGP-ISR-007,hpgpEurope,2,hspEurasia,1,8,2153
HpGP-ISR-008,hpgpMediterranea,1,hspSWEurope,1,2,2152
HpGP-ISR-009,hpgpMediterranea,1,hspSWEurope,1,2,1323
HpGP-ISR-010,hpgpEurope,2,hspEurasia,1,8,2151
HpGP-ITA-001,hpgpEurope,2,hspEurasia,1,8,2150
HpGP-ITA-002,hpgpEurope,2,hspEurasia,1,8,2149
HpGP-ITA-003,hpgpMediterranea,2,hspEurasia,1,8,2148
HpGP-ITA-004,hpgpEurope,2,hspEurasia,1,8,2147
HpGP-ITA-005,hpgpMediterranea,2,hspEurasia,1,8,2146
HpGP-ITA-006,hpgpEurope,2,hspEurasia,1,8,2145
HpGP-ITA-007,hpgpEurope,2,hspEurasia,1,8,2144
HpGP-ITA-008,hpgpEurope,2,hspEurasia,3,8,2143
HpGP-ITA-009,hpgpEurope,2,hspEurasia,1,8,2142
HpGP-ITA-010,hpgpEurope,2,hspEurasia,3,8,1550
HpGP-ITA-011,hpgpMediterranea,2,hspEurasia,1,8,2141
HpGP-ITA-012,hpgpEurope,2,hspEurasia,3,8,2140
HpGP-ITA-013,hpgpEurope,2,hspEurasia,1,8,2139
HpGP-ITA-014,hpgpEurope,2,hspEurasia,1,8,2138
HpGP-ITA-015,hpgpEurope,2,hspEurasia,3,8,2137
HpGP-ITA-016,hpgpEurope,2,hspEurasia,1,8,2136
HpGP-ITA-017,hpgpEurope,2,hspEurasia,3,8,2135
HpGP-ITA-018,hpgpEurope,2,hspEurasia,1,8,2134
HpGP-ITA-019,hpgpEurope,2,hspEurasia,3,8,2133
HpGP-ITA-020,hpgpEurope,2,hspEurasia,3,8,1550
HpGP-ITA-022,hpgpEurope,2,hspEurasia,3,8,2132
HpGP-ITA-023,hpgpEurope,2,hspEurasia,1,8,2131
HpGP-ITA-024,hpgpEurope,2,hspEurasia,3,8,2130
HpGP-ITA-025,hpgpEurope,2,hspEurasia,1,8,2129
HpGP-ITA-026,hpgpEurope,2,hspEurasia,1,8,2128
HpGP-ITA-027,hpgpEurope,2,hspEurasia,3,8,2127
HpGP-ITA-028,hpgpEurope,2,hspEurasia,3,8,2126
HpGP-ITA-029,hpgpEurope,2,hspEurasia,1,8,2125
HpGP-ITA-030,hpgpEurope,2,hspEurasia,3,8,2124
HpGP-JAP-002,hpgpAsia,4,hspEAsia,5,6,2123
HpGP-JAP-009,hpgpAsia,4,hspEAsia,5,6,2122
HpGP-JAP-010,hpgpAsia,4,hspEAsia,5,6,2121
HpGP-JAP-012,hpgpAsia,4,hspEAsia,5,6,2120
HpGP-JAP-013,hpgpAsia,4,hspEAsia,5,6,1379
HpGP-JAP-015,hpgpAsia,4,hspEAsia,5,6,2119
HpGP-JAP-016,hpgpAsia,4,hspEAsia,5,6,2118
HpGP-JAP-017,hpgpAsia,4,hspEAsia,5,6,2117
HpGP-JAP-019,hpgpAsia,4,hspEAsia,5,6,2116
HpGP-JAP-021,hpgpAsia,4,hspEAsia,5,6,2115
HpGP-JAP-022,hpgpAsia,4,hspEAsia,5,6,2114
HpGP-JAP-026,hpgpAsia,4,hspEAsia,5,6,2113
HpGP-JAP-028,hpgpAsia,4,hspEAsia,5,6,2112
HpGP-JAP-029,hpgpAsia,4,hspEAsia,5,6,2111
HpGP-JAP-101,hpgpAsia,4,hspEAsia,5,6,2110
HpGP-JAP-102,hpgpEurasia,4,hspUral,3,8,22
HpGP-JAP-103,hpgpAsia,4,hspEAsia,5,6,2109
HpGP-JAP-104,hpgpEurasia,4,hspUral,3,8,2108
HpGP-JAP-105,hpgpAsia,4,hspEAsia,5,6,64
HpGP-JAP-106,hpgpAsia,4,hspEAsia,5,6,2107
HpGP-JAP-107,hpgpAsia,4,hspEAsia,5,6,2106
HpGP-JAP-108,hpgpAsia,4,hspEAsia,5,6,2105
HpGP-JAP-109,hpgpAsia,4,hspEAsia,5,6,2104
HpGP-JAP-110,hpgpEuroamerica,1,hspSWEuropeLatinAmerica,1,2,2103
HpGP-JAP-111,hpgpAsia,4,hspEAsia,5,6,1439
HpGP-JAP-112,hpgpAsia,4,hspEAsia,5,6,1425
HpGP-JAP-113,hpgpAsia,4,hspEAsia,5,6,38
HpGP-JAP-114,hpgpAsia,4,hspEAsia,5,6,2102
HpGP-JAP-115,hpgpAsia,4,hspEAsia,5,6,2101
HpGP-JOR-001,hpgpEurope,2,hspEurasia,1,8,2100
HpGP-JOR-002,hpgpEurope,2,hspEurasia,1,8,2099
HpGP-JOR-003,hpgpEurope,2,hspEurasia,1,8,2098
HpGP-JOR-004,hpgpEurope,2,hspEurasia,1,8,2097
HpGP-JOR-005,hpgpMediterranea,2,hspEurasia,1,8,2096
HpGP-JOR-006,hpgpEurope,2,hspEurasia,1,8,2095
HpGP-JOR-007,hpgpMediterranea,2,hspEurasia,1,8,2094
HpGP-JOR-008,hpgpMediterranea,2,hspEurasia,1,8,2093
HpGP-JOR-009,hpgpMediterranea,2,hspEurasia,1,8,2092
HpGP-JOR-010,hpgpEurope,2,hspEurasia,1,8,2091
HpGP-KAZ-001,hpgpEurope,2,hspEurasia,1,8,2090
HpGP-KAZ-002,hpgpEurasia,4,hpNorthAsia,5,8,2089
HpGP-KGZ-001,hpgpEurope,2,hspEurasia,3,8,2088
HpGP-KGZ-002,hpgpEurope,2,hspNEurope,3,8,2087
HpGP-KGZ-003,hpgpEurope,2,hspEurasia,1,8,2086
HpGP-KGZ-004,hpgpEurasia,4,hspUral,3,8,2085
HpGP-KGZ-005,hpgpEurasia,4,hspUral,3,8,2084
HpGP-KGZ-006,hpgpEurasia,4,hpNorthAsia,5,8,2083
HpGP-KGZ-007,hpgpEurasia,4,hspUral,3,8,2082
HpGP-KGZ-008,hpgpEurope,2,hspEurasia,3,8,2081
HpGP-KGZ-009,hpgpEurope,2,hspEurasia,3,8,2080
HpGP-KGZ-010,hpgpEurasia,4,hspUral,3,8,2079
HpGP-KOR-001,hpgpAsia,4,hspEAsia,5,6,2078
HpGP-KOR-002,hpgpAsia,4,hspEAsia,5,6,2077
HpGP-KOR-004,hpgpAsia,4,hspEAsia,5,6,2076
HpGP-KOR-005,hpgpAsia,4,hspEAsia,5,6,2075
HpGP-KOR-006,hpgpAsia,4,hspEAsia,5,6,2074
HpGP-KOR-007,hpgpAsia,4,hspEAsia,5,6,2073
HpGP-KOR-008,hpgpAsia,4,hspEAsia,5,6,2072
HpGP-KOR-009,hpgpAsia,4,hspEAsia,5,6,2071
HpGP-KOR-010,hpgpAsia,4,hspEAsia,5,6,1549
HpGP-KOR-012,hpgpAsia,4,hspEAsia,5,6,2070
HpGP-KOR-013,hpgpAsia,4,hspEAsia,5,6,2069
HpGP-KOR-014,hpgpAsia,4,hspEAsia,5,6,2068
HpGP-KOR-016,hpgpAsia,4,hspEAsia,5,6,2067
HpGP-KOR-019,hpgpAsia,4,hspEAsia,5,6,1548
HpGP-KOR-020,hpgpAsia,4,hspEAsia,5,6,2066
HpGP-KOR-021,hpgpAsia,4,hspEAsia,5,6,2065
HpGP-KOR-022,hpgpAsia,4,hspEAsia,5,6,2064
HpGP-KOR-023,hpgpAsia,4,hspEAsia,5,6,2063
HpGP-KOR-024,hpgpAsia,4,hspEAsia,5,6,2062
HpGP-KOR-025,hpgpAsia,4,hspEAsia,5,6,2061
HpGP-KOR-027,hpgpAsia,4,hspEAsia,5,6,2060
HpGP-KOR-028,hpgpAsia,4,hspEAsia,5,6,2059
HpGP-KOR-029,hpgpAsia,4,hspEAsia,5,6,2058
HpGP-KOR-032,hpgpEurasia,4,hspEAsia,5,8,2057
HpGP-KOR-033,hpgpAsia,4,hspEAsia,5,6,2056
HpGP-KOR-034,hpgpAsia,4,hspEAsia,5,6,2055
HpGP-KOR-035,hpgpAsia,4,hspEAsia,5,6,2054
HpGP-KOR-036,hpgpAsia,4,hspEAsia,5,6,2053
HpGP-KOR-037,hpgpAsia,4,hspEAsia,5,6,2052
HpGP-KOR-041,hpgpAsia,4,hspEAsia,5,6,2051
HpGP-KOR-042,hpgpAsia,4,hspEAsia,5,6,2050
HpGP-KOR-043,hpgpAsia,4,hspEAsia,5,6,2049
HpGP-KOR-044,hpgpAsia,4,hspEAsia,5,6,2048
HpGP-KOR-045,hpgpAsia,4,hspEAsia,5,6,2047
HpGP-KOR-046,hpgpAsia,4,hspEAsia,5,6,2046
HpGP-KOR-047,hpgpAsia,4,hspEAsia,5,6,2045
HpGP-KOR-048,hpgpAsia,4,hspEAsia,5,6,2044
HpGP-KOR-049,hpgpAsia,4,hspEAsia,5,6,2043
HpGP-KOR-050,hpgpAsia,4,hspEAsia,5,6,2042
HpGP-KOR-051,hpgpAsia,4,hspEAsia,5,6,2041
HpGP-KOR-052,hpgpAsia,4,hspEAsia,5,6,1547
HpGP-KOR-053,hpgpAsia,4,hspEAsia,5,6,1547
HpGP-KOR-101,hpgpAsia,4,hspEAsia,5,6,1549
HpGP-KOR-105,hpgpAsia,4,hspEAsia,5,6,2040
HpGP-KOR-109,hpgpAsia,4,hspEAsia,5,6,2039
HpGP-KOR-110,hpgpAsia,4,hspEAsia,5,6,2038
HpGP-KOR-111,hpgpAsia,4,hspEAsia,5,6,2037
HpGP-KOR-112,hpgpAsia,4,hspEAsia,5,6,2036
HpGP-KOR-114,hpgpAsia,4,hspEAsia,5,6,1548
HpGP-KOR-115,hpgpAsia,4,hspEAsia,5,6,2035
HpGP-KOR-116,hpgpAsia,4,hspEAsia,5,6,2034
HpGP-KOR-117,hpgpAsia,4,hspEAsia,5,6,2033
HpGP-KOR-118,hpgpAsia,4,hspEAsia,5,6,2032
HpGP-KOR-119,hpgpAsia,4,hspEAsia,5,6,2031
HpGP-LAT-001,hpgpEurope,2,hspNEurope,3,8,2030
HpGP-LAT-002,hpgpEurope,2,hspEurasia,3,8,2029
HpGP-LAT-003,hpgpEurope,2,hspEurasia,3,8,2028
HpGP-LAT-004,hpgpEurope,2,hspNEurope,3,8,2027
HpGP-LAT-005,hpgpEurope,2,hspNEurope,3,8,2026
HpGP-LAT-006,hpgpEurope,2,hspNEurope,3,8,2025
HpGP-LAT-007,hpgpEurope,2,hspNEurope,3,8,2024
HpGP-LAT-008,hpgpEurope,2,hspEurasia,3,8,2023
HpGP-LAT-009,hpgpEurope,2,hspNEurope,3,8,2022
HpGP-LAT-010,hpgpEurope,2,hspNEurope,3,8,2021
HpGP-LAT-011,hpgpEurope,2,hspNEurope,3,8,2020
HpGP-LAT-012,hpgpEurope,2,hspNEurope,3,8,2019
HpGP-LAT-014,hpgpEurope,2,hspNEurope,3,8,2018
HpGP-LAT-015,hpgpEurope,2,hspNEurope,3,8,2017
HpGP-LAT-017,hpgpEurope,2,hspNEurope,3,8,2016
HpGP-LAT-018,hpgpEurope,2,hspNEurope,3,8,2015
HpGP-LAT-019,hpgpEurope,2,hspNEurope,3,8,2014
HpGP-LAT-020,hpgpEurope,2,hspNEurope,3,8,2013
HpGP-LAT-021,hpgpEurope,2,hspNEurope,3,8,2012
HpGP-LAT-022,hpgpEurope,2,hspNEurope,3,8,2011
HpGP-LAT-023,hpgpEurope,2,hspNEurope,3,8,2010
HpGP-LAT-024,hpgpEurope,2,hspNEurope,3,8,2009
HpGP-LAT-025,hpgpEurope,2,hspNEurope,3,8,2008
HpGP-LAT-026,hpgpEurope,2,hspNEurope,3,8,2007
HpGP-LAT-027,hpgpEurope,2,hspNEurope,3,8,2006
HpGP-LAT-028,hpgpEurope,2,hspNEurope,3,8,2005
HpGP-LAT-029,hpgpEurope,4,hspUral,3,8,2004
HpGP-LAT-030,hpgpEurope,2,hspNEurope,3,8,2003
HpGP-LAT-031,hpgpEurope,2,hspNEurope,3,8,2002
HpGP-LAT-032,hpgpEurope,2,hspNEurope,3,8,2001
HpGP-LAT-033,hpgpEurope,2,hspEurasia,3,8,2000
HpGP-LAT-034,hpgpEurope,2,hspNEurope,3,8,1999
HpGP-LAT-035,hpgpEurope,2,hspNEurope,3,8,1998
HpGP-LAT-036,hpgpEurope,2,hspNEurope,3,8,1997
HpGP-LIT-001,hpgpEurope,2,hspEurasia,3,8,1996
HpGP-LIT-002,hpgpEurope,2,hspEurasia,3,8,1995
HpGP-LIT-003,hpgpEurope,2,hspNEurope,3,8,1994
HpGP-LIT-004,hpgpEurope,2,hspNEurope,3,8,1993
HpGP-LIT-006,hpgpEurope,2,hspEurasia,3,8,1992
HpGP-LIT-007,hpgpEurope,2,hspNEurope,3,8,1991
HpGP-LIT-008,hpgpEurope,2,hspNEurope,3,8,1990
HpGP-LIT-010,hpgpEurope,2,hspNEurope,3,8,1989
HpGP-LIT-012,hpgpEurope,2,hspEurasia,3,8,1988
HpGP-LIT-013,hpgpEurope,2,hspNEurope,3,8,1987
HpGP-LIT-020,hpgpEurope,2,hspNEurope,3,8,1986
HpGP-LIT-021,hpgpEurope,2,hspNEurope,3,8,1985
HpGP-LIT-023,hpgpEurope,2,hspNEurope,3,8,1984
HpGP-LIT-024,hpgpEurope,2,hspEurasia,3,8,1983
HpGP-LIT-025,hpgpEurope,2,hspNEurope,3,8,1982
HpGP-LIT-026,hpgpEurope,2,hspEurasia,3,8,1981
HpGP-LIT-028,hpgpEurope,2,hspNEurope,3,8,1980
HpGP-LIT-029,hpgpEurope,2,hspNEurope,3,8,1979
HpGP-LIT-030,hpgpEurope,2,hspNEurope,3,8,1978
HpGP-LIT-031,hpgpEurope,2,hspNEurope,3,8,1977
HpGP-LIT-032,hpgpEurope,2,hspNEurope,3,8,1976
HpGP-LIT-035,hpgpEurope,2,hspNEurope,3,8,1975
HpGP-LIT-041,hpgpEurope,2,hspNEurope,3,8,1974
HpGP-MAL-002,hpgpEurasia,4,HpAsia2,3,7,1973
HpGP-MAL-003,hpgpAsia,4,hspEAsia,5,6,1236
HpGP-MAL-004,hpgpEurasia,4,HpAsia2,3,7,1972
HpGP-MAL-005,hpgpAsia,4,hspEAsia,5,6,1971
HpGP-MAL-006,hpgpAsia,4,hspEAsia,5,6,62
HpGP-MAL-007,hpgpMediterranea,1,hpNEAfrica,1,2,1970
HpGP-MAL-008,hpgpAsia,4,hspEAsia,5,6,1969
HpGP-MAL-010,hpgpAsia,4,hspEAsia,5,6,1968
HpGP-MAL-012,hpgpAsia,4,hspEAsia,5,6,1967
HpGP-MAL-015,hpgpAsia,4,hspEAsia,5,6,1966
HpGP-MAL-016,hpgpEurasia,4,HpAsia2,3,7,1965
HpGP-MAL-017,hpgpEurasia,4,HpAsia2,3,7,1964
HpGP-MAL-018,hpgpAsia,4,hspEAsia,5,6,1182
HpGP-MAL-019,hpgpEurasia,4,HpAsia2,3,7,1963
HpGP-MAL-020,hpgpAsia,4,hspEAsia,5,6,1962
HpGP-MAL-021,hpgpAsia,4,hspEAsia,5,6,1961
HpGP-MAL-022,hpgpAsia,4,hspEAsia,5,6,1960
HpGP-MAL-023,hpgpAsia,4,hspEAsia,5,6,1959
HpGP-MAL-025,hpgpEurasia,4,HpAsia2,3,7,1181
HpGP-MEX-001,hpgpEuroamerica,1,hspSWEuropeLatinAmerica,1,2,1958
HpGP-MEX-002,hpgpEuroamerica,1,hspSWEuropeLatinAmerica,1,2,1957
HpGP-MEX-003,hpgpEuroamerica,1,hspSWEuropeLatinAmerica,1,2,1956
HpGP-MEX-004,hpgpEuroamerica,1,hspSWEuropeLatinAmerica,1,2,1955
HpGP-MEX-006,hpgpEuroamerica,1,hspSWEuropeLatinAmerica,1,2,1954
HpGP-MEX-007,hpgpMediterranea,1,hspSWEurope,1,2,1953
HpGP-MEX-008,hpgpMediterranea,1,hspSWEurope,1,2,1952
HpGP-MEX-009,hpgpMediterranea,1,hspSWEurope,1,2,1951
HpGP-MEX-010,hpgpEuroamerica,1,hspSWEuropeLatinAmerica,1,2,1950
HpGP-MEX-012,hpgpMediterranea,1,hspSWEuropeLatinAmerica,1,2,522
HpGP-MEX-023,hpgpEuroamerica,1,hspSWEuropeLatinAmerica,1,2,1949
HpGP-MEX-024,hpgpEuroamerica,1,hspSWEuropeLatinAmerica,1,2,1948
HpGP-MEX-027,hpgpEuroamerica,1,hspSWEuropeLatinAmerica,1,2,1947
HpGP-MEX-028,hpgpAsia,4,hspIndigenousAmerica,5,6,1946
HpGP-MEX-032,hpgpEuroamerica,1,hspSWEuropeLatinAmerica,1,2,1945
HpGP-MEX-035,hpgpEuroamerica,1,hspSWEuropeLatinAmerica,1,2,1944
HpGP-MEX-040,hpgpEuroamerica,1,hspSWEuropeLatinAmerica,1,2,1943
HpGP-MEX-041,hpgpEuroamerica,1,hspSWEuropeLatinAmerica,1,2,649
HpGP-MEX-043,hpgpEuroamerica,1,hspSWEuropeLatinAmerica,1,2,1942
HpGP-MEX-044,hpgpEuroamerica,1,hspSWEuropeLatinAmerica,1,2,1941
HpGP-MEX-045,hpgpEuroamerica,1,hspSWEuropeLatinAmerica,1,2,1940
HpGP-MEX-046,hpgpEuroamerica,1,hspSWEuropeLatinAmerica,1,2,1939
HpGP-MMR-001,hpgpEurasia,4,HpAsia2,3,7,1938
HpGP-MMR-002,hpgpEurasia,4,HpAsia2,3,7,1937
HpGP-MMR-003,hpgpEurasia,4,HpAsia2,3,7,1936
HpGP-MMR-004,hpgpEurasia,4,HpAsia2,3,7,1935
HpGP-MMR-005,hpgpEurasia,4,HpAsia2,3,7,1934
HpGP-MMR-006,hpgpEurasia,4,HpAsia2,3,7,1933
HpGP-MMR-007,hpgpEurasia,4,HpAsia2,3,7,1932
HpGP-MMR-008,hpgpEurasia,4,HpAsia2,3,7,1931
HpGP-MMR-009,hpgpEurasia,4,HpAsia2,3,7,1930
HpGP-MMR-010,hpgpEurasia,4,HpAsia2,3,7,1929
HpGP-MMR-011,hpgpEurasia,4,HpAsia2,3,7,1928
HpGP-MMR-012,hpgpEurasia,4,HpAsia2,3,7,1927
HpGP-NGA-006,hpgpEuroamerica,3,hspAfrica1MiscAmerica,1,2,1926
HpGP-NGA-010,hpgpEuroamerica,3,hspAfrica1MiscAmerica,1,2,1925
HpGP-NGA-017,hpgpAfrica,3,hspAfrica1NAmerica,2,3,1924
HpGP-NGA-019,hpgpAfrica,3,hspAfrica1NAmerica,2,3,1923
HpGP-NPL-001,hpgpEurope,4,HpAsia2,3,8,1922
HpGP-NPL-002,hpgpEurope,2,hspEurasia,3,8,1921
HpGP-NPL-003,hpgpEurasia,4,HpAsia2,3,8,1920
HpGP-NPL-004,hpgpEurasia,4,hspUral,5,8,1919
HpGP-NPL-005,hpgpEurope,2,hspEurasia,3,8,1546
HpGP-NPL-006,hpgpEurope,2,hspEurasia,3,8,1546
HpGP-NPL-007,hpgpEurasia,4,hspUral,5,8,1918
HpGP-NPL-008,hpgpEurasia,4,HpAsia2,3,8,1917
HpGP-NPL-009,hpgpEurasia,4,HpAsia2,3,8,1916
HpGP-NPL-010,hpgpEurope,2,hspEurasia,1,8,1915
HpGP-NPL-011,hpgpEurope,4,HpAsia2,3,8,1914
HpGP-NPL-012,hpgpEurope,2,hspEurasia,3,8,1913
HpGP-NPL-013,hpgpEurasia,4,HpAsia2,3,8,1912
HpGP-PER-011,hpgpAsia,4,hspIndigenousAmerica,5,6,1911
HpGP-PER-013,hpgpAfrica,3,hspAfrica1NAmerica,2,3,1910
HpGP-PER-014,hpgpEuroamerica,1,hspSWEuropeLatinAmerica,1,2,375
HpGP-PER-016,hpgpEuroamerica,1,hspSWEuropeLatinAmerica,1,2,1909
HpGP-PER-017,hpgpEuroamerica,1,hspSWEuropeLatinAmerica,1,2,1908
HpGP-PER-018,hpgpEuroamerica,1,hspSWEuropeLatinAmerica,1,2,1907
HpGP-PER-019,hpgpAsia,4,hspIndigenousAmerica,5,6,1906
HpGP-PER-020,hpgpAfroamerica,3,hspAfrica1NAmerica,2,3,1905
HpGP-PER-021,hpgpEuroamerica,1,hspSWEuropeLatinAmerica,1,2,1904
HpGP-PER-101,hpgpEuroamerica,1,hspSWEuropeLatinAmerica,1,2,1903
HpGP-PER-102,hpgpEuroamerica,1,hspSWEuropeLatinAmerica,1,2,1902
HpGP-PER-103,hpgpMediterranea,1,hspSWEuropeLatinAmerica,1,2,1901
HpGP-PER-104,hpgpEuroamerica,1,hspSWEuropeLatinAmerica,1,2,1900
HpGP-PER-105,hpgpEuroamerica,1,hspSWEuropeLatinAmerica,1,2,1899
HpGP-PER-106,hpgpEuroamerica,1,hspSWEuropeLatinAmerica,1,2,1898
HpGP-PER-107,hpgpEuroamerica,1,hspSWEuropeLatinAmerica,1,2,1897
HpGP-PER-108,hpgpEuroamerica,1,hspSWEuropeLatinAmerica,1,2,1896
HpGP-PER-109,hpgpEuroamerica,1,hspSWEuropeLatinAmerica,1,2,1895
HpGP-PER-110,hpgpEuroamerica,1,hspSWEuropeLatinAmerica,1,2,1894
HpGP-PER-111,hpgpAsia,4,hspIndigenousAmerica,5,6,1893
HpGP-PER-112,hpgpAfroamerica,3,hspAfrica1MiscAmerica,2,3,1892
HpGP-PER-113,hpgpEuroamerica,1,hspSWEuropeLatinAmerica,1,2,1891
HpGP-PER-114,hpgpEuroamerica,1,hspSWEuropeLatinAmerica,1,2,1890
HpGP-PER-115,hpgpEuroamerica,1,hspSWEuropeLatinAmerica,1,2,1889
HpGP-PER-116,hpgpAfroamerica,3,hspAfrica1SAfrica,2,3,1888
HpGP-PER-117,hpgpEuroamerica,1,hspSWEuropeLatinAmerica,1,2,1887
HpGP-PER-119,hpgpEuroamerica,1,hspSWEuropeLatinAmerica,1,2,1886
HpGP-PER-121,hpgpAsia,4,hspIndigenousAmerica,5,6,1885
HpGP-PER-124,hpgpEuroamerica,1,hspSWEuropeLatinAmerica,1,2,1884
HpGP-PER-130,hpgpEuroamerica,1,hspSWEuropeLatinAmerica,1,2,1883
HpGP-PER-136,hpgpEuroamerica,1,hspSWEuropeLatinAmerica,1,2,1882
HpGP-PER-138,hpgpAsia,4,hspIndigenousAmerica,5,6,1881
HpGP-PER-140,hpgpAfroamerica,3,hspAfrica1MiscAmerica,2,2,1880
HpGP-POL-001,hpgpEurope,2,hspEurasia,3,8,1879
HpGP-POL-002,hpgpEurope,2,hspEurasia,3,8,1878
HpGP-POL-003,hpgpEurope,2,hspEurasia,3,8,1877
HpGP-POL-004,hpgpEurope,2,hspEurasia,3,8,1876
HpGP-POL-005,hpgpEurope,2,hspEurasia,3,8,1875
HpGP-POL-006,hpgpEurope,2,hspEurasia,3,8,1874
HpGP-POL-007,hpgpEurope,2,hspEurasia,3,8,1873
HpGP-POL-008,hpgpEurope,2,hspEurasia,3,8,1872
HpGP-POL-009,hpgpEurope,2,hspEurasia,3,8,1871
HpGP-POL-010,hpgpEurope,2,hspEurasia,3,8,1870
HpGP-POL-101,hpgpEurope,2,hspEurasia,3,8,1869
HpGP-POL-102,hpgpEurope,2,hspEurasia,3,8,1868
HpGP-POL-103,hpgpEurope,2,hspEurasia,3,8,1867
HpGP-POL-104,hpgpEurope,2,hspEurasia,3,8,1866
HpGP-POL-105,hpgpEurope,2,hspEurasia,3,8,1865
HpGP-POL-106,hpgpEurope,2,hspEurasia,3,8,1545
HpGP-POL-107,hpgpEurope,2,hspEurasia,3,8,1864
HpGP-POL-108,hpgpEurope,2,hspEurasia,3,8,1545
HpGP-POL-109,hpgpEurope,2,hspEurasia,3,8,1863
HpGP-POL-110,hpgpEurope,2,hspEurasia,3,8,1862
HpGP-POR-001,hpgpMediterranea,1,hspSWEurope,1,2,1861
HpGP-POR-002,hpgpMediterranea,1,hspSWEurope,1,2,1860
HpGP-POR-003,hpgpMediterranea,1,hspSWEurope,1,2,1859
HpGP-POR-004,hpgpAfrica,3,hspAfrica1WAfrica,2,3,1858
HpGP-POR-005,hpgpMediterranea,1,hspSWEurope,1,2,1857
HpGP-POR-006,hpgpAfrica,3,hspAfrica1SAfrica,2,3,1856
HpGP-POR-007,hpgpMediterranea,1,hspSWEurope,1,2,1855
HpGP-POR-008,hpgpMediterranea,1,hspSWEurope,1,2,1854
HpGP-POR-009,hpgpMediterranea,1,hspSWEurope,1,2,1853
HpGP-POR-010,hpgpMediterranea,1,hspSWEurope,1,2,1852
HpGP-POR-011,hpgpMediterranea,1,hspSWEurope,1,2,1851
HpGP-POR-012,hpgpMediterranea,1,hspSWEurope,1,2,1850
HpGP-POR-013,hpgpMediterranea,1,hspSWEurope,1,2,1849
HpGP-POR-015,hpgpMediterranea,1,hspSWEurope,1,2,1848
HpGP-POR-018,hpgpMediterranea,1,hspSWEurope,1,2,1847
HpGP-POR-101,hpgpMediterranea,1,hspSWEurope,1,2,1846
HpGP-POR-102,hpgpMediterranea,1,hspSWEurope,1,2,1845
HpGP-POR-103,hpgpMediterranea,1,hspSWEurope,1,2,1844
HpGP-POR-104,hpgpMediterranea,1,hspSWEurope,1,2,1843
HpGP-POR-105,hpgpMediterranea,1,hspSWEurope,1,2,1842
HpGP-POR-106,hpgpMediterranea,1,hspSWEurope,1,2,1841
HpGP-POR-107,hpgpMediterranea,1,hspSWEurope,1,2,1840
HpGP-POR-108,hpgpMediterranea,1,hspSWEurope,1,2,1839
HpGP-POR-109,hpgpMediterranea,1,hspSWEurope,1,2,1838
HpGP-POR-110,hpgpEuroamerica,1,hspSWEuropeLatinAmerica,1,2,1837
HpGP-POR-111,hpgpMediterranea,1,hspSWEurope,1,2,1836
HpGP-POR-112,hpgpMediterranea,1,hspSWEurope,1,2,1835
HpGP-POR-113,hpgpEuroamerica,1,hspSWEurope,1,2,1834
HpGP-POR-114,hpgpEuroamerica,1,hspSWEurope,1,2,1833
HpGP-POR-115,hpgpEuroamerica,1,hspSWEurope,1,2,1832
HpGP-PRI-001,hpgpMediterranea,1,hspSWEurope,1,2,1544
HpGP-PRI-002,hpgpMediterranea,1,hspSWEurope,1,2,1831
HpGP-PRI-004,hpgpMediterranea,1,hspSWEurope,1,2,1830
HpGP-PRI-005,hpgpAfrica,3,hspAfrica1NAmerica,2,3,1829
HpGP-PRI-006,hpgpMediterranea,1,hspSWEurope,1,2,1828
HpGP-PRI-007,hpgpMediterranea,1,hspSWEurope,1,2,1544
HpGP-PRI-008,hpgpEuroamerica,1,hspSWEurope,1,2,1827
HpGP-RUS-001,hpgpEurope,2,hspNEurope,3,8,1826
HpGP-RUS-002,hpgpEurope,2,hspEurasia,3,8,1825
HpGP-RUS-003,hpgpEurope,2,hspEurasia,3,8,1824
HpGP-RUS-004,hpgpEurope,2,hspNEurope,3,8,1823
HpGP-RUS-006,hpgpEurope,2,hspEurasia,3,8,1822
HpGP-RUS-007,hpgpEurope,2,hspNEurope,3,8,1821
HpGP-RUS-008,hpgpEurope,2,hspEurasia,3,8,1820
HpGP-RUS-009,hpgpEurope,2,hspEurasia,3,8,1819
HpGP-RUS-010,hpgpEurope,2,hspNEurope,3,8,1818
HpGP-RUS-011,hpgpEurope,2,hspEurasia,3,8,1817
HpGP-SGP-002,hpgpAsia,4,hspEAsia,5,6,1816
HpGP-SGP-003,hpgpAsia,4,hspEAsia,5,6,1815
HpGP-SGP-004,hpgpAsia,4,hspEAsia,5,6,1814
HpGP-SGP-005,hpgpAsia,4,hspEAsia,5,6,1813
HpGP-SGP-006,hpgpAsia,4,hspEAsia,5,6,1812
HpGP-SGP-007,hpgpAsia,4,hspEAsia,5,6,1811
HpGP-SGP-008,hpgpAsia,4,hspEAsia,5,6,1810
HpGP-SGP-009,hpgpAsia,4,hspEAsia,5,6,1809
HpGP-SGP-012,hpgpAsia,4,hspEAsia,5,6,1808
HpGP-SGP-013,hpgpAsia,4,hspEAsia,5,6,1807
HpGP-SGP-014,hpgpAsia,4,hspEAsia,5,6,1806
HpGP-SGP-015,hpgpAsia,4,hspEAsia,5,6,1805
HpGP-SGP-017,hpgpAsia,4,hspEAsia,5,6,1804
HpGP-SGP-018,hpgpAsia,4,hspEAsia,5,6,1803
HpGP-SGP-019,hpgpAsia,4,hspEAsia,5,6,1802
HpGP-SGP-024,hpgpAsia,4,hspEAsia,5,6,1801
HpGP-SGP-026,hpgpAsia,4,hspEAsia,5,6,1800
HpGP-SGP-032,hpgpAsia,4,hspEAsia,5,6,1799
HpGP-SGP-033,hpgpAsia,4,hspEAsia,5,6,1798
HpGP-SGP-036,hpgpAsia,4,hspEAsia,5,6,1797
HpGP-SGP-038,hpgpAsia,4,hspEAsia,5,6,1796
HpGP-SPA-001,hpgpMediterranea,1,hspSWEurope,1,2,1795
HpGP-SPA-002,hpgpMediterranea,1,hspSWEurope,1,2,1794
HpGP-SPA-003,hpgpMediterranea,1,hspSWEurope,1,2,1793
HpGP-SPA-004,hpgpMediterranea,1,hspSWEurope,1,2,1792
HpGP-SPA-005,hpgpMediterranea,1,hspSWEurope,1,2,1791
HpGP-SPA-006,hpgpMediterranea,1,hspSWEurope,1,2,1790
HpGP-SPA-007,hpgpMediterranea,1,hspSWEurope,1,2,1789
HpGP-SPA-008,hpgpMediterranea,1,hspSWEurope,1,2,1788
HpGP-SPA-009,hpgpMediterranea,1,hspSWEurope,1,2,1787
HpGP-SPA-010,hpgpMediterranea,1,hspSWEurope,1,2,1786
HpGP-SPA-011,hpgpMediterranea,2,hspEurasia,1,8,1785
HpGP-SPA-012,hpgpMediterranea,1,hspSWEurope,1,2,1784
HpGP-SPA-013,hpgpMediterranea,1,hspSWEurope,1,2,1783
HpGP-SPA-014,hpgpMediterranea,1,hspSWEurope,1,2,1782
HpGP-SPA-015,hpgpMediterranea,1,hspSWEurope,1,2,1781
HpGP-SPA-016,hpgpMediterranea,1,hspSWEurope,1,2,1780
HpGP-SPA-017,hpgpMediterranea,1,hspSWEurope,1,2,1779
HpGP-SPA-018,hpgpMediterranea,1,hspSWEuropeLatinAmerica,1,2,1778
HpGP-SPA-019,hpgpMediterranea,1,hspSWEurope,1,2,1777
HpGP-SPA-020,hpgpEuroamerica,1,hspSWEurope,1,2,1776
HpGP-SPA-101,hpgpEurope,2,hspEurasia,1,8,1775
HpGP-SPA-102,hpgpMediterranea,1,hspSWEurope,1,2,1774
HpGP-SPA-103,hpgpMediterranea,1,hspSWEurope,1,2,1773
HpGP-SPA-104,hpgpMediterranea,1,hspSWEurope,1,2,1772
HpGP-SPA-105,hpgpMediterranea,1,hspSWEurope,1,2,1771
HpGP-SPA-107,hpgpMediterranea,1,hspSWEurope,1,2,1770
HpGP-SPA-108,hpgpMediterranea,1,hspSWEurope,1,2,1769
HpGP-SPA-110,hpgpMediterranea,1,hspSWEurope,1,2,1768
HpGP-SPA-111,hpgpMediterranea,1,hspSWEurope,1,2,1767
HpGP-SPA-201,hpgpMediterranea,1,hspSWEurope,1,2,1766
HpGP-SPA-202,hpgpAfrica,3,hspAfrica1NAmerica,2,3,1765
HpGP-SPA-203,hpgpMediterranea,1,hspSWEurope,1,2,1764
HpGP-SPA-204,hpgpMediterranea,1,hspSWEurope,1,2,1763
HpGP-SPA-205,hpgpMediterranea,1,hspSWEurope,1,2,1762
HpGP-SPA-206,hpgpMediterranea,1,hspSWEurope,1,2,1761
HpGP-SPA-207,hpgpEuroamerica,1,hspSWEuropeLatinAmerica,1,2,1760
HpGP-SPA-209,hpgpMediterranea,1,hspSWEurope,1,2,1759
HpGP-SPA-210,hpgpMediterranea,1,hspSWEurope,1,2,1758
HpGP-SPA-301,hpgpMediterranea,1,hspSWEurope,1,2,1757
HpGP-SPA-302,hpgpMediterranea,1,hspSWEurope,1,2,1756
HpGP-SPA-303,hpgpMediterranea,1,hspSWEurope,1,2,1755
HpGP-SPA-304,hpgpMediterranea,1,hspSWEurope,1,2,1754
HpGP-SPA-305,hpgpMediterranea,1,hspSWEuropeLatinAmerica,1,2,670
HpGP-SPA-306,hpgpMediterranea,1,hspSWEurope,1,2,1753
HpGP-SPA-307,hpgpMediterranea,1,hspSWEurope,1,2,1752
HpGP-SPA-308,hpgpMediterranea,1,hspSWEurope,1,2,1751
HpGP-SPA-309,hpgpEuroamerica,1,hspSWEuropeLatinAmerica,1,2,1750
HpGP-SPA-310,hpgpMediterranea,1,hspSWEurope,1,2,1749
HpGP-SPA-311,hpgpMediterranea,1,hspSWEurope,1,2,667
HpGP-SPA-312,hpgpMediterranea,1,hspSWEuropeLatinAmerica,1,2,1748
HpGP-SPA-313,hpgpEuroamerica,1,hspSWEuropeLatinAmerica,1,2,1747
HpGP-SPA-314,hpgpEuroamerica,1,hspSWEuropeLatinAmerica,1,2,1746
HpGP-SPA-315,hpgpMediterranea,1,hspSWEurope,1,2,1745
HpGP-SPA-316,hpgpMediterranea,1,hspSWEurope,1,2,1744
HpGP-SPA-317,hpgpAfrica,3,hspAfrica1NAmerica,2,3,1743
HpGP-SPA-318,hpgpEuroamerica,1,hspSWEuropeLatinAmerica,1,2,680
HpGP-SPA-319,hpgpMediterranea,1,hspSWEurope,1,2,1742
HpGP-SPA-320,hpgpMediterranea,1,hspSWEurope,1,2,677
HpGP-SPA-321,hpgpMediterranea,1,hspSWEurope,1,2,693
HpGP-SPA-322,hpgpMediterranea,1,hspSWEuropeLatinAmerica,1,2,692
HpGP-SPA-323,hpgpMediterranea,1,hspSWEurope,1,2,687
HpGP-SPA-324,hpgpMediterranea,1,hspSWEurope,1,2,53
HpGP-SPA-325,hpgpMediterranea,1,hspSWEurope,1,2,685
HpGP-SPA-401,hpgpMediterranea,1,hspSWEurope,1,2,1741
HpGP-SPA-402,hpgpAfrica,3,hspAfrica1MiscAmerica,2,3,1740
HpGP-SPA-403,hpgpMediterranea,1,hspSWEurope,1,2,1739
HpGP-SPA-404,hpgpEuroamerica,1,hspSWEurope,1,2,1738
HpGP-SPA-405,hpgpEuroamerica,1,hspSWEuropeLatinAmerica,1,2,1737
HpGP-SPA-406,hpgpMediterranea,1,hspSWEurope,1,2,1736
HpGP-SPA-407,hpgpMediterranea,1,hspSWEurope,1,2,1735
HpGP-SPA-409,hpgpAfroamerica,3,hspAfrica1MiscAmerica,2,3,1734
HpGP-SPA-413,hpgpMediterranea,1,hspSWEurope,1,2,1733
HpGP-SPA-414,hpgpMediterranea,1,hspSWEurope,1,2,1732
HpGP-SPA-501,hpgpMediterranea,1,hspSWEurope,1,2,1731
HpGP-SPA-502,hpgpMediterranea,1,hspSWEurope,1,2,1730
HpGP-SPA-503,hpgpMediterranea,1,hspSWEurope,1,2,1729
HpGP-SPA-504,hpgpEurope,2,hspEurasia,3,8,1728
HpGP-SPA-505,hpgpMediterranea,1,hspSWEurope,1,2,1727
HpGP-SPA-506,hpgpMediterranea,1,hspSWEurope,1,2,1726
HpGP-SPA-507,hpgpMediterranea,1,hspSWEurope,1,2,1725
HpGP-SPA-508,hpgpMediterranea,1,hspSWEurope,1,2,1724
HpGP-SPA-509,hpgpEuroamerica,1,hspSWEurope,1,2,1723
HpGP-SPA-510,hpgpMediterranea,1,hspSWEurope,1,2,1722
HpGP-SPA-601,hpgpMediterranea,1,hspSWEurope,1,2,1721
HpGP-SPA-604,hpgpMediterranea,1,hspSWEurope,1,2,1720
HpGP-SPA-606,hpgpMediterranea,1,hspSWEurope,1,2,1719
HpGP-SPA-607,hpgpMediterranea,1,hspSWEurope,1,2,1718
HpGP-SPA-609,hpgpAfroamerica,3,hspAfrica1MiscAmerica,2,3,1717
HpGP-SPA-610,hpgpMediterranea,1,hspSWEurope,1,2,1716
HpGP-SPA-611,hpgpEuroamerica,1,hspSWEurope,1,2,1715
HpGP-SPA-701,hpgpMediterranea,1,hspSWEurope,1,2,1714
HpGP-SPA-702,hpgpMediterranea,1,hspSWEurope,1,2,1713
HpGP-SPA-703,hpgpMediterranea,1,hspSWEurope,1,2,1712
HpGP-SPA-704,hpgpMediterranea,1,hspSWEurope,1,2,1711
HpGP-SPA-705,hpgpMediterranea,1,hspSWEurope,1,2,1710
HpGP-SPA-706,hpgpAsia,4,hspIndigenousAmerica,5,6,1709
HpGP-SPA-707,hpgpMediterranea,1,hspSWEurope,1,2,1708
HpGP-SPA-709,hpgpEurope,2,hspEurasia,3,8,1707
HpGP-SPA-710,hpgpEuroamerica,1,hspSWEuropeLatinAmerica,1,2,1706
HpGP-SPA-801,hpgpMediterranea,1,hspSWEurope,1,2,1705
HpGP-SPA-802,hpgpMediterranea,1,hspSWEurope,1,2,1704
HpGP-SPA-803,hpgpMediterranea,1,hspSWEurope,1,2,1703
HpGP-SPA-804,hpgpEuroamerica,1,hspSWEuropeLatinAmerica,1,2,1702
HpGP-SPA-805,hpgpMediterranea,1,hspSWEurope,1,2,1701
HpGP-SPA-806,hpgpEurope,2,hspNEurope,3,8,1700
HpGP-SPA-807,hpgpEuroamerica,1,hspSWEurope,1,2,1699
HpGP-SWE-001,hpgpEurope,2,hspNEurope,3,8,736
HpGP-SWE-002,hpgpEurope,2,hspNEurope,3,8,1698
HpGP-SWE-003,hpgpEurope,2,hspEurasia,3,8,1543
HpGP-SWE-004,hpgpEurope,2,hspEurasia,3,8,1543
HpGP-SWE-005,hpgpEurope,2,hspNEurope,3,8,1697
HpGP-SWE-006,hpgpEurope,2,hspEurasia,1,8,1696
HpGP-SWE-007,hpgpEurope,2,hspNEurope,3,8,1695
HpGP-SWE-008,hpgpEurope,2,hspNEurope,3,8,747
HpGP-SWE-010,hpgpEurope,2,hspNEurope,3,8,1694
HpGP-SWE-012,hpgpEurope,2,hspEurasia,3,8,1693
HpGP-SWE-013,hpgpEurope,2,hspNEurope,3,8,1692
HpGP-SWE-014,hpgpEurope,2,hspNEurope,3,8,746
HpGP-SWE-015,hpgpEurope,2,hspNEurope,3,8,1691
HpGP-SWE-016,hpgpEurope,2,hspNEurope,3,8,308
HpGP-SWE-017,hpgpEurope,2,hspNEurope,3,8,1690
HpGP-SWE-018,hpgpEurasia,2,hspNEurope,3,8,748
HpGP-SWE-019,hpgpEurope,2,hspNEurope,3,8,1689
HpGP-SWE-021,hpgpEurope,2,hspNEurope,3,8,1688
HpGP-SWE-022,hpgpEurope,2,hspNEurope,3,8,743
HpGP-SWE-024,hpgpEurope,2,hspNEurope,3,8,742
HpGP-SWE-025,hpgpEurope,2,hspNEurope,3,8,1687
HpGP-SWE-026,hpgpEurope,2,hspNEurope,3,8,754
HpGP-SWE-027,hpgpEurope,2,hspNEurope,3,8,1686
HpGP-SWE-028,hpgpEurope,2,hspNEurope,3,8,1685
HpGP-SWE-030,hpgpEurope,2,hspNEurope,3,8,1684
HpGP-SWE-031,hpgpEurope,2,hspNEurope,3,8,1683
HpGP-SWE-032,hpgpEurope,2,hspNEurope,3,8,1682
HpGP-SWE-033,hpgpEurope,2,hspNEurope,3,8,1681
HpGP-SWE-034,hpgpEurope,2,hspNEurope,3,8,1680
HpGP-SWE-036,hpgpEurope,2,hspNEurope,3,8,1679
HpGP-SWT-001,hpgpMediterranea,1,hspSWEurope,1,2,542
HpGP-SWT-002,hpgpEurope,2,hspEurasia,3,8,1678
HpGP-SWT-003,hpgpMediterranea,1,hspSWEurope,1,2,1677
HpGP-SWT-004,hpgpEurope,2,hspEurasia,3,8,1676
HpGP-SWT-005,hpgpEuroamerica,1,hspSWEuropeLatinAmerica,1,2,530
HpGP-SWT-006,hpgpEurope,2,hspEurasia,3,8,582
HpGP-SWT-007,hpgpEurope,2,hspEurasia,3,8,580
HpGP-SWT-008,hpgpEurope,2,hspEurasia,3,8,1675
HpGP-SWT-010,hpgpMediterranea,1,hpNEAfrica,1,2,549
HpGP-SWT-011,hpgpEurope,2,hspNEurope,3,8,564
HpGP-SWT-012,hpgpMediterranea,1,hspSWEurope,1,2,579
HpGP-SWT-013,hpgpEurope,2,hspEurasia,1,8,1674
HpGP-SWT-014,hpgpEurope,2,hspEurasia,1,8,598
HpGP-SWT-015,hpgpMediterranea,1,hspSWEurope,1,2,532
HpGP-SWT-017,hpgpMediterranea,2,hspEurasia,1,8,1673
HpGP-TUR-001,hpgpEurope,2,hspEurasia,3,8,1672
HpGP-TUR-002,hpgpEurope,2,hspEurasia,3,8,1542
HpGP-TUR-003,hpgpEurope,2,hspEurasia,1,8,1671
HpGP-TUR-004,hpgpEurope,2,hspEurasia,1,8,1670
HpGP-TUR-005,hpgpEurope,2,hspEurasia,3,8,1542
HpGP-TUR-006,hpgpEurope,2,hspEurasia,3,8,1669
HpGP-TUR-007,hpgpEurope,2,hspEurasia,3,8,1538
HpGP-TUR-008,hpgpEurope,2,hspEurasia,3,8,1668
HpGP-TUR-009,hpgpEurope,2,hspEurasia,3,8,1667
HpGP-TUR-010,hpgpEurope,2,hspEurasia,1,8,1666
HpGP-TUR-011,hpgpEurope,2,hspEurasia,3,8,1538
HpGP-TUR-014,hpgpEurope,2,hspEurasia,3,8,1665
HpGP-TUR-016,hpgpEurope,2,hspEurasia,3,8,1664
HpGP-TUR-017,hpgpEurope,2,hspEurasia,3,8,1663
HpGP-TUR-021,hpgpEurope,2,hspEurasia,3,8,1538
HpGP-TUR-022,hpgpEurope,2,hspEurasia,3,8,1662
HpGP-TUR-023,hpgpEurope,2,hspEurasia,3,8,1661
HpGP-TWN-001,hpgpAsia,4,hspEAsia,5,6,1660
HpGP-TWN-002,hpgpAsia,4,hspEAsia,5,6,1659
HpGP-TWN-003,hpgpAsia,4,hspEAsia,5,6,1658
HpGP-TWN-004,hpgpAsia,4,hspEAsia,5,6,1657
HpGP-TWN-005,hpgpAsia,4,hspEAsia,5,6,1656
HpGP-TWN-006,hpgpAsia,4,hspEAsia,5,6,1655
HpGP-TWN-007,hpgpAsia,4,hspEAsia,5,6,1654
HpGP-TWN-008,hpgpAsia,4,hspEAsia,5,6,1653
HpGP-TWN-009,hpgpAsia,4,hspEAsia,5,6,1652
HpGP-TWN-010,hpgpAsia,4,hspEAsia,5,6,1651
HpGP-TWN-016,hpgpAsia,4,hspEAsia,5,6,1650
HpGP-TWN-017,hpgpAsia,4,hspEAsia,5,6,1649
HpGP-TWN-018,hpgpAsia,4,hspEAsia,5,6,1648
HpGP-TWN-019,hpgpAsia,4,hspEAsia,5,6,1647
HpGP-TWN-020,hpgpAsia,4,hspEAsia,5,6,1646
HpGP-TWN-021,hpgpAsia,4,hspEAsia,5,6,1645
HpGP-TWN-022,hpgpAsia,4,hspEAsia,5,6,1644
HpGP-TWN-023,hpgpAsia,4,hspEAsia,5,6,1643
HpGP-TWN-024,hpgpAsia,4,hspEAsia,5,6,1642
HpGP-TWN-026,hpgpAsia,4,hspEAsia,5,6,1641
HpGP-TWN-027,hpgpAsia,4,hspEAsia,5,6,1640
HpGP-TWN-028,hpgpAsia,4,hspEAsia,5,6,1639
HpGP-TWN-029,hpgpAsia,4,hspEAsia,5,6,1638
HpGP-TWN-030,hpgpAsia,4,hspEAsia,5,6,1637
HpGP-USA-001,hpgpMediterranea,1,hspSWEuropeLatinAmerica,1,2,1636
HpGP-USA-002,hpgpEuroamerica,1,hspSWEuropeLatinAmerica,1,2,1635
HpGP-USA-003,hpgpAfroamerica,3,hspAfrica1NAmerica,2,3,1634
HpGP-USA-004,hpgpEuroamerica,1,hspSWEuropeLatinAmerica,1,2,1633
HpGP-USA-005,hpgpMediterranea,1,hspSWEurope,1,2,1632
HpGP-USA-008,hpgpEuroamerica,1,hspSWEurope,1,2,1631
HpGP-USA-009,hpgpEurope,2,hspEurasia,1,8,1630
HpGP-USA-011,hpgpAsia,4,hspEAsia,5,6,1629
HpGP-USA-101,hpgpEurope,2,hspNEurope,3,8,1628
HpGP-USA-102,hpgpAfrica,3,hspAfrica1NAmerica,2,3,1627
HpGP-USA-104,hpgpAfrica,3,hspAfrica1NAmerica,2,3,1626
HpGP-USA-105,hpgpAfroamerica,3,hspAfrica1NAmerica,2,3,1625
HpGP-USA-106,hpgpEurope,1,hpNEAfrica,1,8,1624
HpGP-USA-115,hpgpMediterranea,1,hpNEAfrica,1,8,1623
HpGP-USA-116,hpgpEurope,1,hpNEAfrica,1,8,1622
HpGP-USA-119,hpgpMediterranea,1,hpNEAfrica,1,8,1621
HpGP-USA-120,hpgpEurope,1,hpNEAfrica,1,8,1620
HpGP-USA-123,hpgpEurope,2,hspNEurope,3,8,1619
HpGP-USA-201,hpgpMediterranea,1,hspSWEurope,1,2,1618
HpGP-USA-202,hpgpAfrica,3,hspAfrica1NAmerica,2,3,1617
HpGP-USA-203,hpgpEuroamerica,1,hspSWEuropeLatinAmerica,1,2,1616
HpGP-USA-204,hpgpEuroamerica,1,hspSWEuropeLatinAmerica,1,2,1615
HpGP-USA-205,hpgpAsia,4,hspIndigenousAmerica,5,6,1614
HpGP-USA-206,hpgpAfroamerica,3,hspAfrica1NAmerica,2,3,1613
HpGP-USA-207,hpgpMediterranea,1,hspSWEurope,1,2,1612
HpGP-USA-208,hpgpMediterranea,1,hspSWEurope,1,2,1611
HpGP-USA-301,hpgpAfrica,3,hspAfrica1NAmerica,2,3,417
HpGP-USA-302,hpgpEuroamerica,1,hspSWEuropeLatinAmerica,1,2,412
HpGP-USA-303,hpgpAfrica,3,hspAfrica1NAmerica,2,3,408
HpGP-USA-304,hpgpAfrica,3,hspAfrica1NAmerica,2,3,404
HpGP-USA-305,hpgpAfrica,3,hspAfrica1NAmerica,2,3,402
HpGP-USA-306,hpgpAfroamerica,3,hspAfrica1NAmerica,2,3,98
HpGP-USA-311,hpgpAfroamerica,3,hspAfrica1NAmerica,2,3,1610
HpGP-USA-401,hpgpEurope,1,hpNEAfrica,1,8,1541
HpGP-USA-402,hpgpEurope,1,hpNEAfrica,1,8,1609
HpGP-USA-403,hpgpAfrica,3,hspAfrica1WAfrica,2,3,1608
HpGP-USA-404,hpgpEurope,1,hpNEAfrica,1,8,1541
HpGP-USA-405,hpgpEurope,1,hpNEAfrica,1,8,1607
HpGP-USA-406,hpgpAfrica,3,hspAfrica1NAmerica,2,3,1606
HpGP-USA-407,hpgpEurope,1,hpNEAfrica,1,8,1605
HpGP-USA-408,hpgpAfroamerica,3,hspAfrica1NAmerica,2,3,1604
HpGP-USA-409,hpgpAfroamerica,3,hspAfrica1NAmerica,2,3,1603
HpGP-USA-410,hpgpEurope,1,hpNEAfrica,1,8,1602
HpGP-USA-411,hpgpAfroamerica,3,hspAfrica1MiscAmerica,2,3,1601
HpGP-USA-412,hpgpAfroamerica,3,hspAfrica1NAmerica,2,3,1600
HpGP-USA-413,hpgpAfroamerica,3,hspAfrica1NAmerica,2,3,1599
HpGP-USA-414,hpgpMediterranea,1,hpNEAfrica,1,2,1598
HpGP-USA-415,hpgpAfrica,3,hspAfrica1NAmerica,2,3,1597
HpGP-USA-416,hpgpAfrica,3,hspAfrica1NAmerica,2,3,1596
HpGP-USA-417,hpgpAfrica,3,hspAfrica1NAmerica,2,3,1595
HpGP-USA-418,hpgpAfrica,3,hspAfrica1NAmerica,2,3,1594
HpGP-USA-419,hpgpAfrica,3,hspAfrica1NAmerica,2,3,1593
HpGP-USA-420,hpgpAfrica,3,hspAfrica1NAmerica,2,3,1592
HpGP-USA-421,hpgpAfrica,3,hspAfrica1NAmerica,2,3,1591
HpGP-USA-422,hpgpEurasia,4,HpAsia2,3,7,1590
HpGP-USA-423,hpgpMediterranea,1,hpNEAfrica,1,8,1589
HpGP-USA-424,hpgpAfrica,3,hspAfrica1NAmerica,2,3,1588
HpGP-USA-425,hpgpAsia,4,hspEAsia,5,6,1587
HpGP-USA-427,hpgpAfrica,3,hspAfrica1WAfrica,2,3,1586
HpGP-USA-428,hpgpAfrica,3,hspAfrica1NAmerica,2,3,1585
HpGP-USA-429,hpgpAfrica,3,hspAfrica1NAmerica,2,3,1584
HpGP-USA-431,hpgpEurope,1,hpNEAfrica,1,8,1583
HpGP-USA-432,hpgpAfrica,3,hspAfrica1NAmerica,2,3,1582
HpGP-USA-433,hpgpAfrica,3,hspAfrica1NAmerica,2,3,1581
HpGP-USA-434,hpgpAfrica,3,hspAfrica1NAmerica,2,3,1580
HpGP-USA-435,hpgpAfrica,3,hspAfrica1WAfrica,2,3,1579
HpGP-USA-436,hpgpEurope,1,hpNEAfrica,1,8,1578
HpGP-USA-437,hpgpAfrica,3,hspAfrica1NAmerica,2,3,1577
HpGP-VNM-001,hpgpAsia,4,hspEAsia,5,6,1576
HpGP-VNM-002,hpgpAsia,4,hspEAsia,5,6,1575
HpGP-VNM-003,hpgpAsia,4,hspEAsia,5,6,1574
HpGP-VNM-004,hpgpAsia,4,hspEAsia,5,6,1573
HpGP-VNM-005,hpgpAsia,4,hspEAsia,5,6,1572
HpGP-VNM-006,hpgpAsia,4,hspEAsia,5,6,1571
HpGP-VNM-007,hpgpAsia,4,hspEAsia,5,6,1570
HpGP-VNM-008,hpgpAsia,4,hspEAsia,5,6,1569
HpGP-VNM-009,hpgpAsia,4,hspEAsia,5,6,1568
HpGP-ZAF-001,hpgpAfrica-distant,3,HpAfrica2,4,1,1567
HpGP-ZAF-002,hpgpAfrica,3,hspAfrica1SAfrica,2,3,1566
HpGP-ZAF-004,hpgpAfrica,3,hspAfrica1SAfrica,2,3,1565
HpGP-ZAF-006,hpgpAfrica-distant,3,HpAfrica2,4,1,1564
HpGP-ZAF-007,hpgpAfrica-distant,3,HpAfrica2,4,1,1563
HpGP-ZAF-008,hpgpEuroamerica,3,hspAfrica1SAfrica,1,2,1562
HpGP-ZAF-009,hpgpAfrica-distant,3,HpAfrica2,4,1,1561
HpGP-ZAF-010,hpgpAfrica,3,hspAfrica1SAfrica,2,3,1560
HpGP-ZAF-011,hpgpAfrica,3,hspAfrica1NAmerica,2,3,1559
