No	Sample	N_SNPs	F_percent	E_percent	A_percent	full	N_SNPs	F_percent_pruned	E_percent_pruned	A_percent_pruned	pruned
1	HpGP-ALG-001	142237	20.09	79.91	0	hpgpMediterranea	44787	22.69	77.31	0	hpgpMediterranea
2	HpGP-ALG-002	142237	28.97	71.03	0	hpgpEuroamerica	44787	32.14	67.86	0	hpgpEuroamerica
3	HpGP-ALG-003	142237	31.4	68.6	0	hpgpEuroamerica	44787	35.4	64.6	0	hpgpEuroamerica
4	HpGP-ALG-004	142237	21.84	78.16	0	hpgpMediterranea	44787	23.06	76.94	0	hpgpMediterranea
5	HpGP-ALG-005	142237	20.63	79.37	0	hpgpMediterranea	44787	22.99	77.01	0	hpgpMediterranea
6	HpGP-ALG-006	142237	21.68	78.32	0	hpgpMediterranea	44787	24.84	75.16	0	hpgpMediterranea
7	HpGP-ALG-007	142237	20.68	79.32	0	hpgpMediterranea	44787	22.61	77.39	0	hpgpMediterranea
8	HpGP-ALG-008	142237	27.63	72.37	0	hpgpMediterranea	44787	30.3	69.7	0	hpgpMediterranea
9	HpGP-ALG-009	142237	21.87	78.13	0	hpgpMediterranea	44787	24.06	75.94	0	hpgpMediterranea
10	HpGP-ALG-010	142237	21.71	78.29	0	hpgpMediterranea	44787	24.14	75.86	0	hpgpMediterranea
11	HpGP-ARG-001	142237	17.37	82.63	0	hpgpMediterranea	44787	18.12	81.88	0	hpgpMediterranea
12	HpGP-ARG-002	142237	24.24	75.17	0.59	hpgpEuroamerica	44787	28.59	69.69	1.72	hpgpEuroamerica
13	HpGP-ARG-003	142237	19.31	80.69	0	hpgpMediterranea	44787	20.27	79.73	0	hpgpMediterranea
14	HpGP-ARG-004	142237	19.77	80.23	0	hpgpMediterranea	44787	23.55	76.45	0	hpgpMediterranea
15	HpGP-ARG-005	142237	20.77	79.23	0	hpgpMediterranea	44787	23.44	76.56	0	hpgpMediterranea
16	HpGP-ARG-006	142237	77.35	20.41	2.24	hpgpAfroamerica	44787	81.16	13.84	5.01	hpgpAfroamerica
17	HpGP-ARG-007	142237	22.9	77.1	0	hpgpMediterranea	44787	23.12	76.88	0	hpgpMediterranea
18	HpGP-ARG-008	142237	0	0	100	hpgpAsia	44787	1.01	0	98.99	hpgpAsia
19	HpGP-ARG-009	142237	0	1.14	98.86	hpgpAsia	44787	0	0.11	99.89	hpgpAsia
20	HpGP-ARG-010	142237	0	0	100	hpgpAsia	44787	0.08	0	99.92	hpgpAsia
21	HpGP-BGD-001	142237	2.01	63.38	34.62	hpgpEurasia	44787	0	75.21	24.79	hpgpEurasia
22	HpGP-BGD-002	142237	2.05	62.37	35.58	hpgpEurasia	44787	0	73.75	26.25	hpgpEurasia
23	HpGP-BGD-003	142237	1.77	66.28	31.95	hpgpEurasia	44787	0	77.54	22.46	hpgpEurasia
24	HpGP-BGD-004	142237	1.55	94.71	3.74	hpgpEurope	44787	0	96.63	3.37	hpgpEurope
25	HpGP-BGD-005	142237	8.43	91.57	0	hpgpEurope	44787	10.56	89.44	0	hpgpEurope
26	HpGP-BGD-006	142237	3.11	96.89	0	hpgpEurope	44787	2.74	97.26	0	hpgpEurope
27	HpGP-BGD-007	142237	3.21	96.79	0	hpgpEurope	44787	5.8	94.2	0	hpgpEurope
28	HpGP-BGD-008	142237	2.7	64.67	32.63	hpgpEurasia	44787	0	77.04	22.96	hpgpEurasia
29	HpGP-BGD-009	142237	9.58	87.89	2.54	hpgpEurope	44787	8.91	90.09	1	hpgpEurope
30	HpGP-BGD-010	142237	2.61	97.39	0	hpgpEurope	44787	3.1	96.9	0	hpgpEurope
31	HpGP-BGR-001	142237	2.71	97.29	0	hpgpEurope	44787	6.12	93.88	0	hpgpEurope
32	HpGP-BGR-003	142237	0	96.44	3.56	hpgpEurope	44787	0	95.04	4.96	hpgpEurope
33	HpGP-BGR-004	142237	2.81	97.19	0	hpgpEurope	44787	4.11	95.89	0	hpgpEurope
34	HpGP-BGR-005	142237	0.66	99.34	0	hpgpEurope	44787	2.77	97.23	0	hpgpEurope
35	HpGP-BGR-006	142237	0.36	99.64	0	hpgpEurope	44787	0.6	99.4	0	hpgpEurope
36	HpGP-BGR-007	142237	1.25	98.75	0	hpgpEurope	44787	2.03	97.97	0	hpgpEurope
37	HpGP-BGR-008	142237	0.97	99.03	0	hpgpEurope	44787	2.08	97.92	0	hpgpEurope
38	HpGP-BGR-010	142237	0	100	0	hpgpEurope	44787	0.23	99.77	0	hpgpEurope
39	HpGP-BRA-001	142237	90.3	9.7	0	hpgpAfrica	44787	96.3	1.01	2.69	hpgpAfrica
40	HpGP-BRA-002	142237	94.58	5.42	0	hpgpAfrica	44787	96.51	0	3.49	hpgpAfrica
41	HpGP-BRA-003	142237	20.92	79.08	0	hpgpMediterranea	44787	22.05	77.95	0	hpgpMediterranea
42	HpGP-BRA-004	142237	6.63	93.37	0	hpgpEurope	44787	6.44	93.56	0	hpgpEurope
43	HpGP-BRA-005	142237	97.73	2.27	0	hpgpAfrica	44787	95.51	0	4.49	hpgpAfrica
44	HpGP-BRA-006	142237	23.14	76.86	0	hpgpMediterranea	44787	23.81	76.19	0	hpgpMediterranea
45	HpGP-BRA-007	142237	94.05	5.95	0	hpgpAfrica	44787	95.72	0	4.28	hpgpAfrica
46	HpGP-BRA-008	142237	33.43	66.57	0	hpgpEuroamerica	44787	34.09	65.91	0	hpgpEuroamerica
47	HpGP-BRA-009	142237	26.1	73.9	0	hpgpMediterranea	44787	26.81	73.19	0	hpgpMediterranea
48	HpGP-BRA-010	142237	95.34	4.66	0	hpgpAfrica	44787	96.23	0	3.77	hpgpAfrica
49	HpGP-BRA-012	142237	0	2.1	97.9	hpgpAsia	44787	0.25	2.67	97.08	hpgpAsia
50	HpGP-BRA-013	142237	93.45	6.48	0.06	hpgpAfrica	44787	93.96	0	6.04	hpgpAfrica
51	HpGP-BRA-014	142237	74.71	25.29	0	hpgpAfroamerica	44787	79.41	20.59	0	hpgpAfroamerica
52	HpGP-BRA-015	142237	6.84	93.16	0	hpgpEurope	44787	7.27	92.73	0	hpgpEurope
53	HpGP-BRA-017	142237	19.47	80.53	0	hpgpMediterranea	44787	21.02	78.98	0	hpgpMediterranea
54	HpGP-BRA-018	142237	94.17	5.83	0	hpgpAfrica	44787	95.38	0	4.62	hpgpAfrica
55	HpGP-BRA-019	142237	100	0	0	hpgpAfrica	44787	96.15	0	3.85	hpgpAfrica
56	HpGP-BRA-020	142237	99.86	0.14	0	hpgpAfrica	44787	94.13	0	5.87	hpgpAfrica
57	HpGP-BRA-022	142237	92.71	7.29	0	hpgpAfrica	44787	95.27	0	4.73	hpgpAfrica
58	HpGP-BRA-023	142237	78.03	19.93	2.04	hpgpAfroamerica	44787	82.31	10.71	6.98	hpgpAfroamerica
59	HpGP-BRA-025	142237	30.82	69.18	0	hpgpEuroamerica	44787	31.89	68.11	0	hpgpEuroamerica
60	HpGP-CAN-001	142237	0	14.38	85.62	hpgpAsia	44787	0	13.67	86.33	hpgpAsia
61	HpGP-CAN-002	142237	81.03	10.48	8.49	hpgpAfroamerica	44787	77.14	14.62	8.23	hpgpAfroamerica
62	HpGP-CAN-004	142237	79.93	6.83	13.24	hpgpAfroamerica	44787	74.9	11.09	14.01	hpgpAfroamerica
63	HpGP-CAN-006	142237	21.49	0	78.51	hpgpAklavik86-like	44787	0	37.78	62.22	hpgpAklavik86-like
64	HpGP-CAN-007	142237	20.31	0	79.69	hpgpAklavik86-like	44787	0	36.13	63.87	hpgpAklavik86-like
65	HpGP-CAN-008	142237	0	82.1	17.9	hpgpEurasia	44787	0	82.33	17.67	hpgpEurasia
66	HpGP-CAN-010	142237	23.34	0	76.66	hpgpAklavik86-like	44787	0	37.46	62.54	hpgpAklavik86-like
67	HpGP-CAN-011	142237	21.41	0	78.59	hpgpAklavik86-like	44787	0	37.88	62.12	hpgpAklavik86-like
68	HpGP-CAN-012	142237	81.72	12.36	5.92	hpgpAfroamerica	44787	82.36	7.18	10.46	hpgpAfroamerica
69	HpGP-CAN-014	142237	5.77	53.95	40.28	hpgpEurasia	44787	0	66.79	33.21	hpgpEurasia
70	HpGP-CAN-015	142237	23.18	0	76.82	hpgpAklavik86-like	44787	0	37.53	62.47	hpgpAklavik86-like
71	HpGP-CAN-016	142237	21.48	0	78.52	hpgpAklavik86-like	44787	0	39.44	60.56	hpgpAklavik86-like
72	HpGP-CAN-017	142237	0.9	66.61	32.48	hpgpEurasia	44787	0	67.74	32.26	hpgpEurasia
73	HpGP-CAN-018	142237	28	0	72	hpgpAklavik86-like	44787	2.66	37.71	59.63	hpgpAklavik86-like
74	HpGP-CAN-019	142237	20.49	0	79.51	hpgpAklavik86-like	44787	0	33	67	hpgpAklavik86-like
75	HpGP-CAN-020	142237	0	12.41	87.59	hpgpAsia	44787	0	7.83	92.17	hpgpAsia
76	HpGP-CAN-022	142237	3.19	76.73	20.08	hpgpEurasia	44787	0	78.74	21.26	hpgpEurasia
77	HpGP-CAN-023	142237	0.77	9.89	89.34	hpgpAsia	44787	0	13.57	86.43	hpgpAsia
78	HpGP-CAN-025	142237	0.92	79.8	19.29	hpgpEurasia	44787	0	81.13	18.87	hpgpEurasia
79	HpGP-CAN-026	142237	0	80.12	19.88	hpgpEurasia	44787	0	80.03	19.97	hpgpEurasia
80	HpGP-CHI-001	142237	15.26	84.74	0	hpgpMediterranea	44787	17.77	82.23	0	hpgpMediterranea
81	HpGP-CHI-002	142237	15.72	84.28	0	hpgpMediterranea	44787	18.76	81.24	0	hpgpMediterranea
82	HpGP-CHI-004	142237	49.47	49.12	1.41	hpgpEuroamerica	44787	50.11	49.89	0	hpgpEuroamerica
83	HpGP-CHI-005	142237	41.23	51.95	6.82	hpgpEuroamerica	44787	38.78	56.53	4.69	hpgpEuroamerica
84	HpGP-CHI-006	142237	17.44	72.59	9.97	hpgpMediterranea	44787	14.83	78.99	6.17	hpgpMediterranea
85	HpGP-CHI-007	142237	17.11	82.89	0	hpgpMediterranea	44787	19.82	80.18	0	hpgpMediterranea
86	HpGP-CHI-008	142237	19.88	80.12	0	hpgpMediterranea	44787	20.3	79.7	0	hpgpMediterranea
87	HpGP-CHI-010	142237	15.08	76.34	8.58	hpgpMediterranea	44787	18.01	74.69	7.3	hpgpMediterranea
88	HpGP-CHI-011	142237	34.92	63.1	1.98	hpgpEuroamerica	44787	36.44	63.06	0.5	hpgpEuroamerica
89	HpGP-CHI-014	142237	16.44	83.56	0	hpgpMediterranea	44787	18.04	81.96	0	hpgpMediterranea
90	HpGP-CHI-016	142237	17.56	82.44	0	hpgpMediterranea	44787	20.42	79.58	0	hpgpMediterranea
91	HpGP-CHI-017	142237	17.73	82.27	0	hpgpMediterranea	44787	19.8	80.2	0	hpgpMediterranea
92	HpGP-CHI-018	142237	29.52	67.44	3.05	hpgpEuroamerica	44787	27.24	71.78	0.98	hpgpEuroamerica
93	HpGP-CHI-021	142237	46.79	48.69	4.53	hpgpEuroamerica	44787	43.66	55.25	1.1	hpgpEuroamerica
94	HpGP-CHI-022	142237	51.45	43.04	5.51	hpgpAfroamerica	44787	51.08	46.9	2.01	hpgpAfroamerica
95	HpGP-CHI-023	142237	33.35	59.43	7.22	hpgpEuroamerica	44787	34.47	59.53	6	hpgpEuroamerica
96	HpGP-CHI-024	142237	31.41	65.85	2.74	hpgpEuroamerica	44787	34.2	62.47	3.32	hpgpEuroamerica
97	HpGP-CHI-026	142237	28.79	69.45	1.76	hpgpEuroamerica	44787	29.88	70.12	0	hpgpEuroamerica
98	HpGP-CHI-027	142237	37.14	48.95	13.9	hpgpEuroamerica	44787	37.54	48.63	13.83	hpgpEuroamerica
99	HpGP-CHI-028	142237	31.36	65.94	2.71	hpgpEuroamerica	44787	31.7	65.03	3.27	hpgpEuroamerica
100	HpGP-CHI-101	142237	14.57	79.11	6.33	hpgpMediterranea	44787	16.66	76.65	6.69	hpgpMediterranea
101	HpGP-CHI-102	142237	16.51	81.05	2.44	hpgpMediterranea	44787	21.05	77.48	1.47	hpgpMediterranea
102	HpGP-CHI-103	142237	16.28	83.72	0	hpgpMediterranea	44787	17.27	82.73	0	hpgpMediterranea
103	HpGP-CHI-104	142237	14.74	68.9	16.36	hpgpMediterranea	44787	17.12	68.61	14.27	hpgpMediterranea
104	HpGP-CHI-105	142237	23.54	0	76.46	hpgpAklavik86-like	44787	0	44.62	55.38	hpgpAklavik86-like
105	HpGP-CHI-106	142237	20.59	79.41	0	hpgpMediterranea	44787	23.49	76.51	0	hpgpMediterranea
106	HpGP-CHI-107	142237	16.41	83.59	0	hpgpMediterranea	44787	19.5	80.5	0	hpgpMediterranea
107	HpGP-CHI-110	142237	15.12	77.43	7.45	hpgpMediterranea	44787	18.59	74.55	6.86	hpgpMediterranea
108	HpGP-CHI-113	142237	16.07	78.18	5.75	hpgpMediterranea	44787	20.27	75.63	4.1	hpgpMediterranea
109	HpGP-CHI-114	142237	18.12	81.88	0	hpgpMediterranea	44787	21.86	78.14	0	hpgpMediterranea
110	HpGP-CHI-116	142237	23.14	0	76.86	hpgpAklavik86-like	44787	0	42.41	57.59	hpgpAklavik86-like
111	HpGP-CHI-117	142237	14.05	79.42	6.53	hpgpMediterranea	44787	17.93	75.96	6.11	hpgpMediterranea
112	HpGP-CHI-119	142237	34.53	50.62	14.85	hpgpEuroamerica	44787	32.87	53.37	13.76	hpgpEuroamerica
113	HpGP-CHI-120	142237	61.55	14.62	23.83	hpgpAfroamerica	44787	58.02	17.54	24.44	hpgpAfroamerica
114	HpGP-CHI-122	142237	40.68	53.34	5.98	hpgpEuroamerica	44787	38.74	57.78	3.47	hpgpEuroamerica
115	HpGP-CHI-123	142237	25.89	71.82	2.3	hpgpEuroamerica	44787	27.8	70.97	1.24	hpgpEuroamerica
116	HpGP-CHI-124	142237	52.73	34.34	12.94	hpgpAfroamerica	44787	47.44	42.69	9.87	hpgpAfroamerica
117	HpGP-CHI-125	142237	31.25	65.51	3.25	hpgpEuroamerica	44787	32.58	65.45	1.97	hpgpEuroamerica
118	HpGP-CHI-126	142237	16.71	78.86	4.43	hpgpMediterranea	44787	18.75	77.25	3.99	hpgpMediterranea
119	HpGP-CHI-127	142237	34.22	57.85	7.93	hpgpEuroamerica	44787	31.14	62.93	5.93	hpgpEuroamerica
120	HpGP-CHI-204	142237	17.34	66.28	16.38	hpgpMediterranea	44787	18.6	64.56	16.84	hpgpMediterranea
121	HpGP-CHI-207	142237	28.81	71.19	0	hpgpEuroamerica	44787	32.03	67.97	0	hpgpEuroamerica
122	HpGP-CHI-208	142237	0.5	3.09	96.41	hpgpAsia	44787	0.52	0.43	99.05	hpgpAsia
123	HpGP-CHI-209	142237	35.71	61.93	2.36	hpgpEuroamerica	44787	35.55	63.59	0.87	hpgpEuroamerica
124	HpGP-CHI-210	142237	17.17	82.83	0	hpgpMediterranea	44787	17.85	82.15	0	hpgpMediterranea
125	HpGP-CHI-212	142237	39.94	57.14	2.92	hpgpEuroamerica	44787	39.36	59.15	1.49	hpgpEuroamerica
126	HpGP-CHN-001	142237	0	0	100	hpgpAsia	44787	0.81	0	99.19	hpgpAsia
127	HpGP-CHN-002	142237	0	2.61	97.39	hpgpAsia	44787	0	0.83	99.17	hpgpAsia
128	HpGP-CHN-003	142237	0	0	100	hpgpAsia	44787	1.96	0	98.04	hpgpAsia
129	HpGP-CHN-004	142237	0	2.32	97.68	hpgpAsia	44787	0.55	0	99.45	hpgpAsia
130	HpGP-CHN-005	142237	0	0	100	hpgpAsia	44787	0	0	100	hpgpAsia
131	HpGP-CHN-006	142237	0	1.69	98.31	hpgpAsia	44787	0.5	0	99.5	hpgpAsia
132	HpGP-CHN-007	142237	0	0	100	hpgpAsia	44787	1.14	0	98.86	hpgpAsia
133	HpGP-CHN-008	142237	0	9.25	90.75	hpgpAsia	44787	3.28	2.93	93.78	hpgpAsia
134	HpGP-CHN-009	142237	0	0	100	hpgpAsia	44787	0.21	0	99.79	hpgpAsia
135	HpGP-CHN-010	142237	0	0	100	hpgpAsia	44787	1.23	0	98.77	hpgpAsia
136	HpGP-COG-001	142237	99.35	0.65	0	hpgpAfrica	44787	96.1	0	3.9	hpgpAfrica
137	HpGP-COG-002	142237	21.31	78.69	0	hpgpMediterranea	44787	22.51	77.49	0	hpgpMediterranea
138	HpGP-COG-003	142237	100	0	0	hpgpAfrica	44787	96.39	0	3.61	hpgpAfrica
139	HpGP-COG-004	142237	98.54	1.46	0	hpgpAfrica	44787	96.47	0	3.53	hpgpAfrica
140	HpGP-COG-005	142237	98.6	1.4	0	hpgpAfrica	44787	97.03	0	2.97	hpgpAfrica
141	HpGP-COG-006	142237	99.58	0.42	0	hpgpAfrica	44787	95.72	0	4.28	hpgpAfrica
142	HpGP-COG-007	142237	96.68	3.32	0	hpgpAfrica	44787	98.24	0	1.76	hpgpAfrica
143	HpGP-COG-008	142237	100	0	0	hpgpAfrica	44787	96.06	0	3.94	hpgpAfrica
144	HpGP-COG-009	142237	98.43	1.57	0	hpgpAfrica	44787	95.83	0	4.17	hpgpAfrica
145	HpGP-COG-010	142237	99.73	0.27	0	hpgpAfrica	44787	95.63	0	4.37	hpgpAfrica
146	HpGP-COG-011	142237	99.23	0.77	0	hpgpAfrica	44787	95.36	0	4.64	hpgpAfrica
147	HpGP-COL-002	142237	16.51	83.49	0	hpgpMediterranea	44787	20.53	79.47	0	hpgpMediterranea
148	HpGP-COL-003	142237	73.89	26.11	0	hpgpAfroamerica	44787	68.68	31.32	0	hpgpAfroamerica
149	HpGP-COL-004	142237	18.31	81.69	0	hpgpMediterranea	44787	20.4	79.6	0	hpgpMediterranea
150	HpGP-COL-005	142237	22.58	77.42	0	hpgpMediterranea	44787	24.75	75.25	0	hpgpMediterranea
151	HpGP-COL-006	142237	63.91	36.09	0	hpgpAfroamerica	44787	62.17	37.83	0	hpgpAfroamerica
152	HpGP-COL-008	142237	31.82	68.18	0	hpgpEuroamerica	44787	33.14	66.86	0	hpgpEuroamerica
153	HpGP-COL-010	142237	17.95	82.05	0	hpgpMediterranea	44787	21.61	78.39	0	hpgpMediterranea
154	HpGP-COL-102	142237	65.84	34.16	0	hpgpAfroamerica	44787	62.53	37.47	0	hpgpAfroamerica
155	HpGP-COL-103	142237	36.97	63.03	0	hpgpEuroamerica	44787	39.61	60.25	0.14	hpgpEuroamerica
156	HpGP-COL-104	142237	32.03	67.97	0	hpgpEuroamerica	44787	30.9	69.1	0	hpgpEuroamerica
157	HpGP-COL-105	142237	25.29	74.71	0	hpgpMediterranea	44787	25.36	74.64	0	hpgpMediterranea
158	HpGP-COL-106	142237	19.39	80.61	0	hpgpMediterranea	44787	21.5	78.5	0	hpgpMediterranea
159	HpGP-COL-107	142237	29.24	70.37	0.39	hpgpEuroamerica	44787	30.33	69.67	0	hpgpEuroamerica
160	HpGP-COL-108	142237	69.64	30.36	0	hpgpAfroamerica	44787	69.01	30.99	0	hpgpAfroamerica
161	HpGP-COL-109	142237	60.08	39.92	0	hpgpAfroamerica	44787	57.76	42.24	0	hpgpAfroamerica
162	HpGP-COL-110	142237	37.23	62.77	0	hpgpEuroamerica	44787	35.05	64.95	0	hpgpEuroamerica
163	HpGP-COL-112	142237	31.35	68.65	0	hpgpEuroamerica	44787	33.73	66.27	0	hpgpEuroamerica
164	HpGP-COL-113	142237	35.5	64.5	0	hpgpEuroamerica	44787	34.63	65.37	0	hpgpEuroamerica
165	HpGP-COL-114	142237	32.53	67.47	0	hpgpEuroamerica	44787	31.42	68.58	0	hpgpEuroamerica
166	HpGP-COL-118	142237	29.13	70.87	0	hpgpEuroamerica	44787	29.55	70.45	0	hpgpEuroamerica
167	HpGP-COL-119	142237	32.04	67.96	0	hpgpEuroamerica	44787	31.59	68.41	0	hpgpEuroamerica
168	HpGP-COL-120	142237	30.94	69.06	0	hpgpEuroamerica	44787	29.9	70.1	0	hpgpEuroamerica
169	HpGP-COL-121	142237	27.56	72.44	0	hpgpEuroamerica	44787	29.28	70.72	0	hpgpEuroamerica
170	HpGP-COL-122	142237	33.29	66.71	0	hpgpEuroamerica	44787	32.02	67.98	0	hpgpEuroamerica
171	HpGP-COL-201	142237	21.22	78.78	0	hpgpMediterranea	44787	24.39	75.61	0	hpgpMediterranea
172	HpGP-COL-202	142237	21	79	0	hpgpMediterranea	44787	24.37	75.63	0	hpgpMediterranea
173	HpGP-COL-203	142237	24.61	75.39	0	hpgpMediterranea	44787	25.44	74.56	0	hpgpMediterranea
174	HpGP-COL-204	142237	35.56	60.81	3.63	hpgpEuroamerica	44787	34.65	63.28	2.07	hpgpEuroamerica
175	HpGP-COL-205	142237	89.55	10.45	0	hpgpAfrica	44787	94.98	0.72	4.29	hpgpAfrica
176	HpGP-COL-206	142237	43.93	54.5	1.57	hpgpEuroamerica	44787	44.78	55.01	0.22	hpgpEuroamerica
177	HpGP-COL-207	142237	79.37	18.5	2.13	hpgpAfroamerica	44787	83.24	9.77	6.99	hpgpAfroamerica
178	HpGP-COL-208	142237	91.79	7.4	0.81	hpgpAfrica	44787	92.43	0	7.57	hpgpAfrica
179	HpGP-COL-209	142237	24.1	75.9	0	hpgpMediterranea	44787	26.69	73.31	0	hpgpMediterranea
180	HpGP-COL-210	142237	31.97	65.5	2.53	hpgpEuroamerica	44787	33.34	64.5	2.16	hpgpEuroamerica
181	HpGP-COL-211	142237	41.76	58.14	0.1	hpgpEuroamerica	44787	38.98	61.02	0	hpgpEuroamerica
182	HpGP-COL-301	142237	31.76	68.24	0	hpgpEuroamerica	44787	32.65	67.35	0	hpgpEuroamerica
183	HpGP-COL-302	142237	34.06	65.94	0	hpgpEuroamerica	44787	33.47	66.53	0	hpgpEuroamerica
184	HpGP-COL-303	142237	30.57	67.15	2.28	hpgpEuroamerica	44787	32.55	66.6	0.85	hpgpEuroamerica
185	HpGP-COL-305	142237	17.53	82.47	0	hpgpMediterranea	44787	19.92	80.08	0	hpgpMediterranea
186	HpGP-COL-306	142237	82.97	17.03	0	hpgpAfroamerica	44787	84.88	12.17	2.94	hpgpAfroamerica
187	HpGP-COL-307	142237	26.88	73.12	0	hpgpEuroamerica	44787	28.81	71.19	0	hpgpEuroamerica
188	HpGP-COL-308	142237	32.55	67.45	0	hpgpEuroamerica	44787	30.82	69.18	0	hpgpEuroamerica
189	HpGP-COL-309	142237	28.57	71.43	0	hpgpEuroamerica	44787	29.88	70.12	0	hpgpEuroamerica
190	HpGP-COL-310	142237	18.51	81.49	0	hpgpMediterranea	44787	21.71	78.29	0	hpgpMediterranea
191	HpGP-COL-318	142237	52.5	47.5	0	hpgpAfroamerica	44787	54.38	45.62	0	hpgpAfroamerica
192	HpGP-CRI-001	142237	33.53	66.47	0	hpgpEuroamerica	44787	33.03	66.97	0	hpgpEuroamerica
193	HpGP-CRI-002	142237	33.45	66.55	0	hpgpEuroamerica	44787	33.55	66.45	0	hpgpEuroamerica
194	HpGP-CRI-003	142237	27.19	72.81	0	hpgpEuroamerica	44787	25.15	74.85	0	hpgpEuroamerica
195	HpGP-CRI-004	142237	75.05	24.95	0	hpgpAfroamerica	44787	75.82	24.18	0	hpgpAfroamerica
196	HpGP-CRI-005	142237	26.9	73.1	0	hpgpEuroamerica	44787	26.35	73.65	0	hpgpEuroamerica
197	HpGP-CRI-006	142237	24.96	75.04	0	hpgpEuroamerica	44787	28.14	71.86	0	hpgpEuroamerica
198	HpGP-CRI-007	142237	77.82	22.18	0	hpgpAfroamerica	44787	77.3	22.7	0	hpgpAfroamerica
199	HpGP-CRI-008	142237	28.45	71.55	0	hpgpEuroamerica	44787	26.24	73.76	0	hpgpEuroamerica
200	HpGP-DOM-001	142237	20.09	79.91	0	hpgpMediterranea	44787	20.69	79.31	0	hpgpMediterranea
201	HpGP-DOM-002	142237	18.76	81.24	0	hpgpMediterranea	44787	20.39	79.61	0	hpgpMediterranea
202	HpGP-DOM-003	142237	27.42	72.58	0	hpgpEuroamerica	44787	28.28	71.72	0	hpgpEuroamerica
203	HpGP-DOM-004	142237	100	0	0	hpgpAfrica	44787	98.3	0	1.7	hpgpAfrica
204	HpGP-DOM-005	142237	28.36	71.64	0	hpgpEuroamerica	44787	28.04	71.96	0	hpgpEuroamerica
205	HpGP-DOM-006	142237	96.28	3.72	0	hpgpAfrica	44787	98.6	0	1.4	hpgpAfrica
206	HpGP-DOM-007	142237	66.17	33.83	0	hpgpAfroamerica	44787	67.21	32.79	0	hpgpAfroamerica
207	HpGP-DOM-008	142237	26.17	73.83	0	hpgpMediterranea	44787	25.77	74.23	0	hpgpMediterranea
208	HpGP-DOM-009	142237	20.81	79.19	0	hpgpMediterranea	44787	22.32	77.68	0	hpgpMediterranea
209	HpGP-DOM-010	142237	22.37	77.63	0	hpgpMediterranea	44787	24.49	75.51	0	hpgpMediterranea
210	HpGP-DOM-011	142237	99.85	0.15	0	hpgpAfrica	44787	97.27	0	2.73	hpgpAfrica
211	HpGP-FRA-001	142237	23.31	76.69	0	hpgpMediterranea	44787	24.93	75.07	0	hpgpMediterranea
212	HpGP-FRA-002	142237	11.95	88.05	0	hpgpMediterranea	44787	13.04	86.96	0	hpgpMediterranea
213	HpGP-FRA-003	142237	13.35	86.65	0	hpgpMediterranea	44787	12.05	87.95	0	hpgpMediterranea
214	HpGP-FRA-004	142237	11.77	88.23	0	hpgpMediterranea	44787	13.59	86.41	0	hpgpMediterranea
215	HpGP-FRA-005	142237	15.41	84.59	0	hpgpMediterranea	44787	18.06	81.94	0	hpgpMediterranea
216	HpGP-FRA-006	142237	2.47	97.53	0	hpgpEurope	44787	7.13	92.87	0	hpgpEurope
217	HpGP-FRA-007	142237	0	96.74	3.26	hpgpEurope	44787	0	98.41	1.59	hpgpEurope
218	HpGP-FRA-008	142237	6.61	93.39	0	hpgpEurope	44787	8.49	91.51	0	hpgpEurope
219	HpGP-FRA-009	142237	23.54	76.46	0	hpgpMediterranea	44787	23.11	76.89	0	hpgpMediterranea
220	HpGP-FRA-010	142237	18.16	81.84	0	hpgpMediterranea	44787	21.84	78.16	0	hpgpMediterranea
221	HpGP-FRA-011	142237	5.75	94.25	0	hpgpEurope	44787	6.25	93.75	0	hpgpEurope
222	HpGP-FRA-012	142237	6.51	93.49	0	hpgpEurope	44787	6.76	93.24	0	hpgpEurope
223	HpGP-FRA-013	142237	1.89	98.11	0	hpgpEurope	44787	4.5	95.5	0	hpgpEurope
224	HpGP-FRA-014	142237	6.51	93.49	0	hpgpEurope	44787	6.84	93.16	0	hpgpEurope
225	HpGP-FRA-015	142237	2.13	97.87	0	hpgpEurope	44787	4.22	95.78	0	hpgpEurope
226	HpGP-FRA-016	142237	5.11	94.89	0	hpgpEurope	44787	7.02	92.98	0	hpgpEurope
227	HpGP-FRA-017	142237	26.22	73.78	0	hpgpEuroamerica	44787	29.44	70.56	0	hpgpEuroamerica
228	HpGP-FRA-018	142237	10.37	89.63	0	hpgpMediterranea	44787	12.99	87.01	0	hpgpMediterranea
229	HpGP-FRA-019	142237	7.68	92.32	0	hpgpEurope	44787	10.83	89.17	0	hpgpEurope
230	HpGP-FRA-020	142237	23.63	76.37	0	hpgpMediterranea	44787	23.87	76.13	0	hpgpMediterranea
231	HpGP-FRA-021	142237	6.58	93.42	0	hpgpEurope	44787	8.92	91.08	0	hpgpEurope
232	HpGP-GER-001	142237	0	100	0	hpgpEurope	44787	0	100	0	hpgpEurope
233	HpGP-GER-002	142237	2.22	97.78	0	hpgpEurope	44787	2.66	97.34	0	hpgpEurope
234	HpGP-GER-003	142237	7.78	92.22	0	hpgpEurope	44787	8.83	91.17	0	hpgpEurope
235	HpGP-GER-004	142237	0	100	0	hpgpEurope	44787	1.65	98.35	0	hpgpEurope
236	HpGP-GER-005	142237	0	97.97	2.03	hpgpEurope	44787	0	99.31	0.69	hpgpEurope
237	HpGP-GER-006	142237	0.96	99.04	0	hpgpEurope	44787	0	100	0	hpgpEurope
238	HpGP-GER-007	142237	0.15	98.56	1.29	hpgpEurope	44787	0	100	0	hpgpEurope
239	HpGP-GER-009	142237	1.59	98.41	0	hpgpEurope	44787	0.71	99.29	0	hpgpEurope
240	HpGP-GER-010	142237	0	99.87	0.13	hpgpEurope	44787	0	97.93	2.07	hpgpEurope
241	HpGP-GER-012	142237	0	97.53	2.47	hpgpEurope	44787	0	97.08	2.92	hpgpEurope
242	HpGP-GER-013	142237	1.68	97.87	0.45	hpgpEurope	44787	1.39	95.04	3.57	hpgpEurope
243	HpGP-GER-015	142237	0	95.66	4.34	hpgpEurope	44787	0	95.97	4.03	hpgpEurope
244	HpGP-GER-016	142237	0	99.25	0.75	hpgpEurope	44787	0	100	0	hpgpEurope
245	HpGP-GER-018	142237	12.21	87.79	0	hpgpMediterranea	44787	15.39	84.61	0	hpgpMediterranea
246	HpGP-GER-019	142237	3.67	96.33	0	hpgpEurope	44787	5.41	94.59	0	hpgpEurope
247	HpGP-GER-020	142237	0.06	99.94	0	hpgpEurope	44787	0	100	0	hpgpEurope
248	HpGP-GER-021	142237	0.79	97.67	1.54	hpgpEurope	44787	0	95.46	4.54	hpgpEurope
249	HpGP-GHA-003	142237	100	0	0	hpgpAfrica	44787	97.06	0	2.94	hpgpAfrica
250	HpGP-GHA-009	142237	100	0	0	hpgpAfrica	44787	96.25	0	3.75	hpgpAfrica
251	HpGP-GMB-003	142237	99.31	0	0.69	hpgpAfrica	44787	100	0	0	hpgpAfrica
252	HpGP-GMB-004	142237	99.85	0	0.15	hpgpAfrica	44787	98.81	0	1.19	hpgpAfrica
253	HpGP-GMB-007	142237	99.19	0	0.81	hpgpAfrica	44787	97.23	0	2.77	hpgpAfrica
254	HpGP-GMB-008	142237	100	0	0	hpgpAfrica	44787	99.63	0	0.37	hpgpAfrica
255	HpGP-GMB-009	142237	100	0	0	hpgpAfrica	44787	95.13	0	4.87	hpgpAfrica
256	HpGP-GRE-001	142237	2.51	97.49	0	hpgpEurope	44787	2.71	97.29	0	hpgpEurope
257	HpGP-GRE-002	142237	2.53	97.47	0	hpgpEurope	44787	4.78	95.22	0	hpgpEurope
258	HpGP-GRE-003	142237	3.64	96.36	0	hpgpEurope	44787	7.05	92.95	0	hpgpEurope
259	HpGP-GRE-004	142237	2.34	97.66	0	hpgpEurope	44787	4.28	95.72	0	hpgpEurope
260	HpGP-GRE-005	142237	4.5	95.5	0	hpgpEurope	44787	6.77	93.23	0	hpgpEurope
261	HpGP-GRE-006	142237	0	100	0	hpgpEurope	44787	1.15	98.85	0	hpgpEurope
262	HpGP-GRE-008	142237	1.07	98.93	0	hpgpEurope	44787	1.6	98.4	0	hpgpEurope
263	HpGP-GRE-011	142237	0	100	0	hpgpEurope	44787	0	100	0	hpgpEurope
264	HpGP-GRE-012	142237	2.86	97.14	0	hpgpEurope	44787	5.7	94.3	0	hpgpEurope
265	HpGP-GRE-018	142237	0.41	99.59	0	hpgpEurope	44787	2.4	97.6	0	hpgpEurope
266	HpGP-GRE-019	142237	1.63	98.37	0	hpgpEurope	44787	4.32	95.68	0	hpgpEurope
267	HpGP-GRE-020	142237	2.85	97.15	0	hpgpEurope	44787	5.16	94.84	0	hpgpEurope
268	HpGP-GRE-022	142237	2.7	97.3	0	hpgpEurope	44787	6.32	93.68	0	hpgpEurope
269	HpGP-GRE-036	142237	2.89	97.11	0	hpgpEurope	44787	5.44	94.56	0	hpgpEurope
270	HpGP-GRE-039	142237	3.55	96.45	0	hpgpEurope	44787	4.8	95.2	0	hpgpEurope
271	HpGP-GRE-040	142237	10.87	89.13	0	hpgpMediterranea	44787	14.92	85.08	0	hpgpMediterranea
272	HpGP-GRE-041	142237	1.95	98.05	0	hpgpEurope	44787	3.29	96.71	0	hpgpEurope
273	HpGP-GRE-042	142237	4.99	95.01	0	hpgpEurope	44787	7.65	92.35	0	hpgpEurope
274	HpGP-GRE-043	142237	2.42	97.58	0	hpgpEurope	44787	5.83	94.17	0	hpgpEurope
275	HpGP-GRE-044	142237	1.94	98.06	0	hpgpEurope	44787	3.7	96.3	0	hpgpEurope
276	HpGP-GRE-046	142237	1.95	98.05	0	hpgpEurope	44787	3.29	96.71	0	hpgpEurope
277	HpGP-GTM-004	142237	32.26	65.56	2.18	hpgpEuroamerica	44787	33.17	66.83	0	hpgpEuroamerica
278	HpGP-GTM-007	142237	21.53	76.36	2.11	hpgpMediterranea	44787	18.34	81.66	0	hpgpMediterranea
279	HpGP-GTM-010	142237	82.04	15.06	2.9	hpgpAfroamerica	44787	85.65	7.14	7.2	hpgpAfroamerica
280	HpGP-HON-001	142237	31.67	68.33	0	hpgpEuroamerica	44787	30.25	69.75	0	hpgpEuroamerica
281	HpGP-HON-002	142237	33.05	66.95	0	hpgpEuroamerica	44787	32.87	67.13	0	hpgpEuroamerica
282	HpGP-HON-003	142237	72.12	26.84	1.04	hpgpAfroamerica	44787	73.08	25.95	0.97	hpgpAfroamerica
283	HpGP-HON-004	142237	77.9	15.48	6.61	hpgpAfroamerica	44787	83.03	5.33	11.65	hpgpAfroamerica
284	HpGP-HON-005	142237	34.18	65.82	0	hpgpEuroamerica	44787	33.85	66.15	0	hpgpEuroamerica
285	HpGP-HON-006	142237	52.55	47.45	0	hpgpEuroamerica	44787	50.93	49.07	0	hpgpEuroamerica
286	HpGP-HON-007	142237	74.86	24.19	0.95	hpgpAfroamerica	44787	76.61	22.11	1.28	hpgpAfroamerica
287	HpGP-HON-009	142237	31	67.67	1.33	hpgpEuroamerica	44787	32.52	67.48	0	hpgpEuroamerica
288	HpGP-HON-010	142237	61.72	37.2	1.08	hpgpAfroamerica	44787	61.81	37.05	1.14	hpgpAfroamerica
289	HpGP-HON-011	142237	29.75	70.25	0	hpgpEuroamerica	44787	29.27	70.73	0	hpgpEuroamerica
290	HpGP-HON-012	142237	66.41	29.62	3.97	hpgpAfroamerica	44787	71.32	21.9	6.78	hpgpAfroamerica
291	HpGP-HON-013	142237	72.39	24.06	3.55	hpgpAfroamerica	44787	70.26	26.33	3.41	hpgpAfroamerica
292	HpGP-HON-014	142237	63.67	33.57	2.75	hpgpAfroamerica	44787	60.89	39.11	0	hpgpAfroamerica
293	HpGP-HON-015	142237	67.05	32.95	0	hpgpAfroamerica	44787	69.48	28.45	2.07	hpgpAfroamerica
294	HpGP-HON-016	142237	27.14	71.28	1.58	hpgpEuroamerica	44787	27.65	72.13	0.22	hpgpEuroamerica
295	HpGP-HON-017	142237	85.17	14.35	0.48	hpgpAfrica	44787	90.18	6.15	3.67	hpgpAfrica
296	HpGP-HON-018	142237	73.77	25.59	0.65	hpgpAfroamerica	44787	74.81	24.75	0.44	hpgpAfroamerica
297	HpGP-HON-019	142237	79.64	20.36	0	hpgpAfroamerica	44787	82.27	16.44	1.29	hpgpAfroamerica
298	HpGP-HON-020	142237	68.52	30.93	0.55	hpgpAfroamerica	44787	71.09	27.26	1.66	hpgpAfroamerica
299	HpGP-HON-021	142237	70.3	26.48	3.23	hpgpAfroamerica	44787	74.24	21.06	4.7	hpgpAfroamerica
300	HpGP-HON-023	142237	67.29	29.69	3.02	hpgpAfroamerica	44787	68.17	27.48	4.35	hpgpAfroamerica
301	HpGP-HON-024	142237	15.2	84.8	0	hpgpMediterranea	44787	16.38	83.62	0	hpgpMediterranea
302	HpGP-HON-025	142237	24.25	75.75	0	hpgpEuroamerica	44787	26.47	73.53	0	hpgpEuroamerica
303	HpGP-HON-026	142237	29.06	69.49	1.45	hpgpEuroamerica	44787	27.43	72.57	0	hpgpEuroamerica
304	HpGP-HON-027	142237	26.88	73.12	0	hpgpEuroamerica	44787	29.87	70.13	0	hpgpEuroamerica
305	HpGP-HON-028	142237	29.48	70.01	0.51	hpgpEuroamerica	44787	27.73	72.27	0	hpgpEuroamerica
306	HpGP-IDN-001	142237	17.15	57.18	25.68	hpgpEuroamerica	44787	23.9	56.1	20	hpgpEuroamerica
307	HpGP-IDN-002	142237	0.77	0.89	98.34	hpgpAsia	44787	0	6.51	93.49	hpgpAsia
308	HpGP-IDN-003	142237	3.81	88.57	7.62	hpgpEurope	44787	4.81	88.72	6.47	hpgpEurope
309	HpGP-IDN-004	142237	0.48	96.42	3.1	hpgpEurope	44787	0	94.21	5.79	hpgpEurope
310	HpGP-IDN-005	142237	0.66	2.65	96.69	hpgpAsia	44787	0	6.79	93.21	hpgpAsia
311	HpGP-IDN-006	142237	17.64	82.36	0	hpgpMediterranea	44787	20.19	79.81	0	hpgpMediterranea
312	HpGP-IDN-007	142237	4.52	15.63	79.85	hpgpAsia	44787	2.71	19.47	77.82	hpgpAsia
313	HpGP-IDN-008	142237	1.09	2	96.91	hpgpAsia	44787	0	7.09	92.91	hpgpAsia
314	HpGP-IDN-009	142237	20.95	78.19	0.86	hpgpMediterranea	44787	21.52	78.48	0	hpgpMediterranea
315	HpGP-IDN-010	142237	1.77	47.36	50.87	hpgpEurasia	44787	0	56.05	43.95	hpgpEurasia
316	HpGP-IDN-011	142237	9.6	33.35	57.05	hpgpEurasia	44787	0	54.19	45.81	hpgpEurasia
317	HpGP-IND-001	142237	2.5	54.64	42.86	hpgpEurasia	44787	0	70.78	29.22	hpgpEurasia
318	HpGP-IND-002	142237	7.28	84.42	8.3	hpgpEurope	44787	6.79	88.97	4.24	hpgpEurope
319	HpGP-IND-003	142237	0	94.28	5.72	hpgpEurope	44787	0	93.77	6.23	hpgpEurope
320	HpGP-IND-004	142237	3.58	95.16	1.26	hpgpEurope	44787	1.51	98.49	0	hpgpEurope
321	HpGP-IND-005	142237	6.71	93.11	0.18	hpgpEurope	44787	5.71	94.29	0	hpgpEurope
322	HpGP-IND-006	142237	8.8	91.2	0	hpgpEurope	44787	10.63	89.37	0	hpgpEurope
323	HpGP-IND-007	142237	2.06	57.85	40.09	hpgpEurasia	44787	0	75.41	24.59	hpgpEurasia
324	HpGP-IND-008	142237	2.69	63.58	33.73	hpgpEurasia	44787	0	75.66	24.34	hpgpEurasia
325	HpGP-IND-009	142237	2.96	58.12	38.93	hpgpEurasia	44787	0	74.76	25.24	hpgpEurasia
326	HpGP-IND-010	142237	2.52	61.48	36	hpgpEurasia	44787	0	75.18	24.82	hpgpEurasia
327	HpGP-IRN-001	142237	0	98.14	1.86	hpgpEurope	44787	1.51	95.32	3.17	hpgpEurope
328	HpGP-IRN-002	142237	1.61	98.39	0	hpgpEurope	44787	3.71	96.29	0	hpgpEurope
329	HpGP-IRN-003	142237	2.31	97.69	0	hpgpEurope	44787	4.53	95.47	0	hpgpEurope
330	HpGP-IRN-009	142237	0.27	99.73	0	hpgpEurope	44787	1.55	98.45	0	hpgpEurope
331	HpGP-ISL-001	142237	0	79.59	20.41	hpgpEurasia	44787	0	77.05	22.95	hpgpEurasia
332	HpGP-ISL-002	142237	0	79.98	20.02	hpgpEurasia	44787	0	75.23	24.77	hpgpEurasia
333	HpGP-ISL-003	142237	0	79.96	20.04	hpgpEurasia	44787	0	76.74	23.26	hpgpEurasia
334	HpGP-ISL-004	142237	0	79.33	20.67	hpgpEurasia	44787	0	76.2	23.8	hpgpEurasia
335	HpGP-ISL-005	142237	0	79.98	20.02	hpgpEurasia	44787	0	74.63	25.37	hpgpEurasia
336	HpGP-ISL-006	142237	0	79.68	20.32	hpgpEurasia	44787	0	75.34	24.66	hpgpEurasia
337	HpGP-ISL-007	142237	0	79.06	20.94	hpgpEurasia	44787	0	77.15	22.85	hpgpEurasia
338	HpGP-ISL-008	142237	0	79.25	20.75	hpgpEurasia	44787	0	76.73	23.27	hpgpEurasia
339	HpGP-ISL-009	142237	0	79.51	20.49	hpgpEurasia	44787	0	75.95	24.05	hpgpEurasia
340	HpGP-ISL-010	142237	0	79.6	20.4	hpgpEurasia	44787	0	77.7	22.3	hpgpEurasia
341	HpGP-ISL-011	142237	0	78.37	21.63	hpgpEurasia	44787	0	74.89	25.11	hpgpEurasia
342	HpGP-ISR-001	142237	6.3	93.7	0	hpgpEurope	44787	12.27	87.73	0	hpgpMediterranea
343	HpGP-ISR-002	142237	5.29	94.71	0	hpgpEurope	44787	11.17	88.83	0	hpgpEurope
344	HpGP-ISR-003	142237	9.84	90.16	0	hpgpMediterranea	44787	13.21	86.79	0	hpgpMediterranea
345	HpGP-ISR-004	142237	5.93	94.07	0	hpgpEurope	44787	10.8	89.2	0	hpgpMediterranea
346	HpGP-ISR-005	142237	14.81	85.19	0	hpgpMediterranea	44787	16.85	83.15	0	hpgpMediterranea
347	HpGP-ISR-006	142237	0.53	99.47	0	hpgpEurope	44787	1.94	98.06	0	hpgpEurope
348	HpGP-ISR-007	142237	5.81	94.19	0	hpgpEurope	44787	8.42	91.58	0	hpgpEurope
349	HpGP-ISR-008	142237	15.3	84.7	0	hpgpMediterranea	44787	19.58	80.42	0	hpgpMediterranea
350	HpGP-ISR-009	142237	15.91	84.09	0	hpgpMediterranea	44787	18.5	81.5	0	hpgpMediterranea
351	HpGP-ISR-010	142237	6.09	93.91	0	hpgpEurope	44787	9.7	90.3	0	hpgpEurope
352	HpGP-ITA-001	142237	1.67	98.33	0	hpgpEurope	44787	5.54	94.46	0	hpgpEurope
353	HpGP-ITA-002	142237	3.23	96.77	0	hpgpEurope	44787	6.98	93.02	0	hpgpEurope
354	HpGP-ITA-003	142237	10.01	89.99	0	hpgpMediterranea	44787	13.08	86.92	0	hpgpMediterranea
355	HpGP-ITA-004	142237	3.35	96.65	0	hpgpEurope	44787	6.2	93.8	0	hpgpEurope
356	HpGP-ITA-005	142237	10.75	89.25	0	hpgpMediterranea	44787	12.33	87.67	0	hpgpMediterranea
357	HpGP-ITA-006	142237	3.41	96.59	0	hpgpEurope	44787	5.24	94.76	0	hpgpEurope
358	HpGP-ITA-007	142237	3.53	96.47	0	hpgpEurope	44787	4.55	95.45	0	hpgpEurope
359	HpGP-ITA-008	142237	1.19	98.81	0	hpgpEurope	44787	5.42	94.49	0.1	hpgpEurope
360	HpGP-ITA-009	142237	5.61	94.39	0	hpgpEurope	44787	7.03	92.97	0	hpgpEurope
361	HpGP-ITA-010	142237	3.03	96.97	0	hpgpEurope	44787	1.7	98.3	0	hpgpEurope
362	HpGP-ITA-011	142237	9.32	90.68	0	hpgpMediterranea	44787	14.7	85.3	0	hpgpMediterranea
363	HpGP-ITA-012	142237	3.28	96.72	0	hpgpEurope	44787	4.9	95.1	0	hpgpEurope
364	HpGP-ITA-013	142237	3.65	96.35	0	hpgpEurope	44787	4.27	95.73	0	hpgpEurope
365	HpGP-ITA-014	142237	5.39	94.61	0	hpgpEurope	44787	6.05	93.95	0	hpgpEurope
366	HpGP-ITA-015	142237	3.14	96.86	0	hpgpEurope	44787	3.07	96.93	0	hpgpEurope
367	HpGP-ITA-016	142237	4.44	95.56	0	hpgpEurope	44787	6.47	93.53	0	hpgpEurope
368	HpGP-ITA-017	142237	3.79	96.21	0	hpgpEurope	44787	6.67	93.33	0	hpgpEurope
369	HpGP-ITA-018	142237	5.4	94.6	0	hpgpEurope	44787	6.38	93.62	0	hpgpEurope
370	HpGP-ITA-019	142237	2.82	97.18	0	hpgpEurope	44787	4.29	95.71	0	hpgpEurope
371	HpGP-ITA-020	142237	3.13	96.87	0	hpgpEurope	44787	1.86	98.14	0	hpgpEurope
372	HpGP-ITA-022	142237	0	99.16	0.84	hpgpEurope	44787	0	98.83	1.17	hpgpEurope
373	HpGP-ITA-023	142237	3.91	96.09	0	hpgpEurope	44787	4.26	95.74	0	hpgpEurope
374	HpGP-ITA-024	142237	1.81	98.19	0	hpgpEurope	44787	2.75	97.25	0	hpgpEurope
375	HpGP-ITA-025	142237	2.93	97.07	0	hpgpEurope	44787	4.26	95.74	0	hpgpEurope
376	HpGP-ITA-026	142237	4.23	95.77	0	hpgpEurope	44787	6.01	93.99	0	hpgpEurope
377	HpGP-ITA-027	142237	0.73	99.27	0	hpgpEurope	44787	1.15	98.85	0	hpgpEurope
378	HpGP-ITA-028	142237	0.44	99.56	0	hpgpEurope	44787	1.33	98.67	0	hpgpEurope
379	HpGP-ITA-029	142237	1.2	98.8	0	hpgpEurope	44787	3.67	96.33	0	hpgpEurope
380	HpGP-ITA-030	142237	1.93	98.07	0	hpgpEurope	44787	2.94	97.06	0	hpgpEurope
381	HpGP-JAP-002	142237	0.14	0	99.86	hpgpAsia	44787	0.73	0	99.27	hpgpAsia
382	HpGP-JAP-009	142237	0	0	100	hpgpAsia	44787	0	0	100	hpgpAsia
383	HpGP-JAP-010	142237	0	0	100	hpgpAsia	44787	0.89	0	99.11	hpgpAsia
384	HpGP-JAP-012	142237	0.28	0	99.72	hpgpAsia	44787	1.51	0	98.49	hpgpAsia
385	HpGP-JAP-013	142237	0	0	100	hpgpAsia	44787	0	0.04	99.96	hpgpAsia
386	HpGP-JAP-015	142237	0	0	100	hpgpAsia	44787	1.25	0	98.75	hpgpAsia
387	HpGP-JAP-016	142237	0.01	0	99.99	hpgpAsia	44787	1.27	0	98.73	hpgpAsia
388	HpGP-JAP-017	142237	0	0	100	hpgpAsia	44787	0	0	100	hpgpAsia
389	HpGP-JAP-019	142237	0	0	100	hpgpAsia	44787	0.23	0	99.77	hpgpAsia
390	HpGP-JAP-021	142237	0.12	0	99.88	hpgpAsia	44787	2.05	0	97.95	hpgpAsia
391	HpGP-JAP-022	142237	0	0	100	hpgpAsia	44787	1.57	0	98.43	hpgpAsia
392	HpGP-JAP-026	142237	0	0	100	hpgpAsia	44787	0	0	100	hpgpAsia
393	HpGP-JAP-028	142237	0.12	0	99.88	hpgpAsia	44787	1.32	0	98.68	hpgpAsia
394	HpGP-JAP-029	142237	0.24	0	99.76	hpgpAsia	44787	1.15	0	98.85	hpgpAsia
395	HpGP-JAP-101	142237	0.65	0	99.35	hpgpAsia	44787	0	0	100	hpgpAsia
396	HpGP-JAP-102	142237	0	75.37	24.63	hpgpEurasia	44787	0	79.61	20.39	hpgpEurasia
397	HpGP-JAP-103	142237	0	3.31	96.69	hpgpAsia	44787	0.44	1.43	98.14	hpgpAsia
398	HpGP-JAP-104	142237	0.14	67.45	32.41	hpgpEurasia	44787	0	70.12	29.88	hpgpEurasia
399	HpGP-JAP-105	142237	0	7.63	92.37	hpgpAsia	44787	0	1.99	98.01	hpgpAsia
400	HpGP-JAP-106	142237	0	4.74	95.26	hpgpAsia	44787	0.66	0	99.34	hpgpAsia
401	HpGP-JAP-107	142237	0	0	100	hpgpAsia	44787	0.46	0	99.54	hpgpAsia
402	HpGP-JAP-108	142237	0.61	3.23	96.15	hpgpAsia	44787	0.1	4.77	95.13	hpgpAsia
403	HpGP-JAP-109	142237	0	0	100	hpgpAsia	44787	0	0	100	hpgpAsia
404	HpGP-JAP-110	142237	35.11	62.37	2.52	hpgpEuroamerica	44787	34.68	65.32	0	hpgpEuroamerica
405	HpGP-JAP-111	142237	0.07	0	99.93	hpgpAsia	44787	0.48	0	99.52	hpgpAsia
406	HpGP-JAP-112	142237	0	6.26	93.74	hpgpAsia	44787	0	5.38	94.62	hpgpAsia
407	HpGP-JAP-113	142237	0	0	100	hpgpAsia	44787	1.02	0	98.98	hpgpAsia
408	HpGP-JAP-114	142237	0	9.39	90.61	hpgpAsia	44787	0.89	5.73	93.38	hpgpAsia
409	HpGP-JAP-115	142237	0.1	0	99.9	hpgpAsia	44787	1.12	0	98.88	hpgpAsia
410	HpGP-JOR-001	142237	3.91	96.09	0	hpgpEurope	44787	7.74	92.26	0	hpgpEurope
411	HpGP-JOR-002	142237	5.31	94.69	0	hpgpEurope	44787	11.1	88.9	0	hpgpEurope
412	HpGP-JOR-003	142237	6.82	93.18	0	hpgpEurope	44787	10.95	89.05	0	hpgpMediterranea
413	HpGP-JOR-004	142237	5.51	94.49	0	hpgpEurope	44787	9.79	90.21	0	hpgpEurope
414	HpGP-JOR-005	142237	11.74	88.26	0	hpgpMediterranea	44787	17.14	82.86	0	hpgpMediterranea
415	HpGP-JOR-006	142237	7.49	92.51	0	hpgpEurope	44787	12.72	87.28	0	hpgpMediterranea
416	HpGP-JOR-007	142237	12.13	87.87	0	hpgpMediterranea	44787	17.82	82.18	0	hpgpMediterranea
417	HpGP-JOR-008	142237	14.63	85.37	0	hpgpMediterranea	44787	19.71	80.29	0	hpgpMediterranea
418	HpGP-JOR-009	142237	7.67	92.33	0	hpgpMediterranea	44787	13.6	86.4	0	hpgpMediterranea
419	HpGP-JOR-010	142237	6.01	93.99	0	hpgpEurope	44787	10.15	89.85	0	hpgpEurope
420	HpGP-KAZ-001	142237	3.86	96.14	0	hpgpEurope	44787	5.01	94.99	0	hpgpEurope
421	HpGP-KAZ-002	142237	0	43.33	56.67	hpgpEurasia	44787	0	44.49	55.51	hpgpEurasia
422	HpGP-KGZ-001	142237	1.11	97.31	1.58	hpgpEurope	44787	2.65	96.81	0.53	hpgpEurope
423	HpGP-KGZ-002	142237	0	95.15	4.85	hpgpEurope	44787	0	94.76	5.24	hpgpEurope
424	HpGP-KGZ-003	142237	1.65	98.35	0	hpgpEurope	44787	4.34	95.66	0	hpgpEurope
425	HpGP-KGZ-004	142237	0	59.97	40.03	hpgpEurasia	44787	0	60.5	39.5	hpgpEurasia
426	HpGP-KGZ-005	142237	0	72.65	27.35	hpgpEurasia	44787	0	71.34	28.66	hpgpEurasia
427	HpGP-KGZ-006	142237	0	46.69	53.31	hpgpEurasia	44787	0	47.08	52.92	hpgpEurasia
428	HpGP-KGZ-007	142237	0	77.31	22.69	hpgpEurasia	44787	0	75.65	24.35	hpgpEurasia
429	HpGP-KGZ-008	142237	0.49	91.71	7.8	hpgpEurope	44787	3.46	87.34	9.2	hpgpEurope
430	HpGP-KGZ-009	142237	0	92.19	7.81	hpgpEurope	44787	0	94.12	5.88	hpgpEurope
431	HpGP-KGZ-010	142237	0	66.09	33.91	hpgpEurasia	44787	0	65.12	34.88	hpgpEurasia
432	HpGP-KOR-001	142237	0	1.44	98.56	hpgpAsia	44787	0	0.09	99.91	hpgpAsia
433	HpGP-KOR-002	142237	0	3.16	96.84	hpgpAsia	44787	1.53	0	98.47	hpgpAsia
434	HpGP-KOR-004	142237	0	1.39	98.61	hpgpAsia	44787	0	0	100	hpgpAsia
435	HpGP-KOR-005	142237	0	1.29	98.71	hpgpAsia	44787	1.75	0	98.25	hpgpAsia
436	HpGP-KOR-006	142237	0	0	100	hpgpAsia	44787	1.59	0	98.41	hpgpAsia
437	HpGP-KOR-007	142237	0	0	100	hpgpAsia	44787	0.56	0	99.44	hpgpAsia
438	HpGP-KOR-008	142237	0	3.27	96.73	hpgpAsia	44787	0.27	0	99.73	hpgpAsia
439	HpGP-KOR-009	142237	0	1.29	98.71	hpgpAsia	44787	0	0	100	hpgpAsia
440	HpGP-KOR-010	142237	0	0	100	hpgpAsia	44787	0.18	0	99.82	hpgpAsia
441	HpGP-KOR-012	142237	0	4.58	95.42	hpgpAsia	44787	0.77	0.61	98.61	hpgpAsia
442	HpGP-KOR-013	142237	0	6.5	93.5	hpgpAsia	44787	0	2.99	97.01	hpgpAsia
443	HpGP-KOR-014	142237	0	0	100	hpgpAsia	44787	0.63	0	99.37	hpgpAsia
444	HpGP-KOR-016	142237	0	4.15	95.85	hpgpAsia	44787	0	1.31	98.69	hpgpAsia
445	HpGP-KOR-019	142237	0	4.45	95.55	hpgpAsia	44787	0	4.18	95.82	hpgpAsia
446	HpGP-KOR-020	142237	0	1.11	98.89	hpgpAsia	44787	1.64	0	98.36	hpgpAsia
447	HpGP-KOR-021	142237	0	6.37	93.63	hpgpAsia	44787	0	3.91	96.09	hpgpAsia
448	HpGP-KOR-022	142237	0	0.04	99.96	hpgpAsia	44787	0.37	0	99.63	hpgpAsia
449	HpGP-KOR-023	142237	0	0	100	hpgpAsia	44787	0	0	100	hpgpAsia
450	HpGP-KOR-024	142237	0	5	95	hpgpAsia	44787	0	6.97	93.03	hpgpAsia
451	HpGP-KOR-025	142237	0	0.28	99.72	hpgpAsia	44787	0	0.45	99.55	hpgpAsia
452	HpGP-KOR-027	142237	0	8.44	91.56	hpgpAsia	44787	0	5.59	94.41	hpgpAsia
453	HpGP-KOR-028	142237	0	0	100	hpgpAsia	44787	0.08	0	99.92	hpgpAsia
454	HpGP-KOR-029	142237	0	0	100	hpgpAsia	44787	0	0	100	hpgpAsia
455	HpGP-KOR-032	142237	0	37.71	62.29	hpgpEurasia	44787	0	38.32	61.68	hpgpEurasia
456	HpGP-KOR-033	142237	0	0	100	hpgpAsia	44787	0	0	100	hpgpAsia
457	HpGP-KOR-034	142237	0	0.54	99.46	hpgpAsia	44787	0.47	0	99.53	hpgpAsia
458	HpGP-KOR-035	142237	0	1.39	98.61	hpgpAsia	44787	0	0	100	hpgpAsia
459	HpGP-KOR-036	142237	0	8.11	91.89	hpgpAsia	44787	0	6.87	93.13	hpgpAsia
460	HpGP-KOR-037	142237	0	11.58	88.42	hpgpAsia	44787	0	10.66	89.34	hpgpAsia
461	HpGP-KOR-041	142237	0	0.37	99.63	hpgpAsia	44787	0.79	0	99.21	hpgpAsia
462	HpGP-KOR-042	142237	0	6.96	93.04	hpgpAsia	44787	0	8.15	91.85	hpgpAsia
463	HpGP-KOR-043	142237	0	0	100	hpgpAsia	44787	0	0	100	hpgpAsia
464	HpGP-KOR-044	142237	0	0.29	99.71	hpgpAsia	44787	0.42	0	99.58	hpgpAsia
465	HpGP-KOR-045	142237	0	2.71	97.29	hpgpAsia	44787	0	0	100	hpgpAsia
466	HpGP-KOR-046	142237	0	0	100	hpgpAsia	44787	0	0	100	hpgpAsia
467	HpGP-KOR-047	142237	0	2.06	97.94	hpgpAsia	44787	0	3.56	96.44	hpgpAsia
468	HpGP-KOR-048	142237	0	0	100	hpgpAsia	44787	0.31	0	99.69	hpgpAsia
469	HpGP-KOR-049	142237	0	0	100	hpgpAsia	44787	1.02	0	98.98	hpgpAsia
470	HpGP-KOR-050	142237	0	1.9	98.1	hpgpAsia	44787	0	0	100	hpgpAsia
471	HpGP-KOR-051	142237	0	2.11	97.89	hpgpAsia	44787	0.04	0.07	99.9	hpgpAsia
472	HpGP-KOR-052	142237	0	0	100	hpgpAsia	44787	1.22	0	98.78	hpgpAsia
473	HpGP-KOR-053	142237	0	0	100	hpgpAsia	44787	0.85	0	99.15	hpgpAsia
474	HpGP-KOR-101	142237	0	0.89	99.11	hpgpAsia	44787	0.45	0	99.55	hpgpAsia
475	HpGP-KOR-105	142237	0	7.22	92.78	hpgpAsia	44787	0	5.39	94.61	hpgpAsia
476	HpGP-KOR-109	142237	0	0.67	99.33	hpgpAsia	44787	0	0	100	hpgpAsia
477	HpGP-KOR-110	142237	0	0	100	hpgpAsia	44787	0.17	0	99.83	hpgpAsia
478	HpGP-KOR-111	142237	0	0	100	hpgpAsia	44787	0.26	0	99.74	hpgpAsia
479	HpGP-KOR-112	142237	0	1.38	98.62	hpgpAsia	44787	0.76	0	99.24	hpgpAsia
480	HpGP-KOR-114	142237	0	0.02	99.98	hpgpAsia	44787	0	0.49	99.51	hpgpAsia
481	HpGP-KOR-115	142237	0	4.84	95.16	hpgpAsia	44787	0.88	1.69	97.43	hpgpAsia
482	HpGP-KOR-116	142237	0	3.9	96.1	hpgpAsia	44787	0	1.17	98.83	hpgpAsia
483	HpGP-KOR-117	142237	0	0.18	99.82	hpgpAsia	44787	1.1	0	98.9	hpgpAsia
484	HpGP-KOR-118	142237	0	0	100	hpgpAsia	44787	0.26	0	99.74	hpgpAsia
485	HpGP-KOR-119	142237	0	2.79	97.21	hpgpAsia	44787	0.94	0	99.06	hpgpAsia
486	HpGP-LAT-001	142237	0	95.41	4.59	hpgpEurope	44787	0	93.26	6.74	hpgpEurope
487	HpGP-LAT-002	142237	0	100	0	hpgpEurope	44787	0.34	99.66	0	hpgpEurope
488	HpGP-LAT-003	142237	1.33	98.67	0	hpgpEurope	44787	1.73	98.27	0	hpgpEurope
489	HpGP-LAT-004	142237	0	97.23	2.77	hpgpEurope	44787	0	99.28	0.72	hpgpEurope
490	HpGP-LAT-005	142237	0	97.56	2.44	hpgpEurope	44787	0	97.9	2.1	hpgpEurope
491	HpGP-LAT-006	142237	0	95.13	4.87	hpgpEurope	44787	0	93.71	6.29	hpgpEurope
492	HpGP-LAT-007	142237	0	100	0	hpgpEurope	44787	0	100	0	hpgpEurope
493	HpGP-LAT-008	142237	0	100	0	hpgpEurope	44787	0.43	99.57	0	hpgpEurope
494	HpGP-LAT-009	142237	0	99.72	0.28	hpgpEurope	44787	0	97.23	2.77	hpgpEurope
495	HpGP-LAT-010	142237	0	97.06	2.94	hpgpEurope	44787	0	96.86	3.14	hpgpEurope
496	HpGP-LAT-011	142237	0	96.83	3.17	hpgpEurope	44787	0	95.13	4.87	hpgpEurope
497	HpGP-LAT-012	142237	0	92.21	7.79	hpgpEurope	44787	0	90.88	9.12	hpgpEurope
498	HpGP-LAT-014	142237	0	95.55	4.45	hpgpEurope	44787	0	93.04	6.96	hpgpEurope
499	HpGP-LAT-015	142237	0	93.25	6.75	hpgpEurope	44787	0	91.77	8.23	hpgpEurope
500	HpGP-LAT-017	142237	0	99.16	0.84	hpgpEurope	44787	0	97.11	2.89	hpgpEurope
501	HpGP-LAT-018	142237	0	95.84	4.16	hpgpEurope	44787	0	94.04	5.96	hpgpEurope
502	HpGP-LAT-019	142237	0	93.49	6.51	hpgpEurope	44787	0	95.61	4.39	hpgpEurope
503	HpGP-LAT-020	142237	0	95.72	4.28	hpgpEurope	44787	0	93.76	6.24	hpgpEurope
504	HpGP-LAT-021	142237	0	94.22	5.78	hpgpEurope	44787	0	94.8	5.2	hpgpEurope
505	HpGP-LAT-022	142237	0	98.24	1.76	hpgpEurope	44787	0	99.45	0.55	hpgpEurope
506	HpGP-LAT-023	142237	0	97.85	2.15	hpgpEurope	44787	0	97.72	2.27	hpgpEurope
507	HpGP-LAT-024	142237	0	90.04	9.96	hpgpEurope	44787	0	89.68	10.32	hpgpEurope
508	HpGP-LAT-025	142237	0	95.26	4.74	hpgpEurope	44787	0	94.46	5.54	hpgpEurope
509	HpGP-LAT-026	142237	0	98.31	1.69	hpgpEurope	44787	0	99.08	0.92	hpgpEurope
510	HpGP-LAT-027	142237	0	88.1	11.9	hpgpEurope	44787	0	84.71	15.29	hpgpEurope
511	HpGP-LAT-028	142237	0	98.36	1.64	hpgpEurope	44787	0	98.26	1.74	hpgpEurope
512	HpGP-LAT-029	142237	0	86.79	13.21	hpgpEurope	44787	0	87.9	12.1	hpgpEurope
513	HpGP-LAT-030	142237	0	98.37	1.63	hpgpEurope	44787	0	97.92	2.08	hpgpEurope
514	HpGP-LAT-031	142237	0	95.19	4.81	hpgpEurope	44787	0	95.6	4.4	hpgpEurope
515	HpGP-LAT-032	142237	0	95.56	4.44	hpgpEurope	44787	0	95.61	4.39	hpgpEurope
516	HpGP-LAT-033	142237	0	100	0	hpgpEurope	44787	0	100	0	hpgpEurope
517	HpGP-LAT-034	142237	0	96.05	3.95	hpgpEurope	44787	0	95.08	4.92	hpgpEurope
518	HpGP-LAT-035	142237	0	96.75	3.25	hpgpEurope	44787	0	97.48	2.52	hpgpEurope
519	HpGP-LAT-036	142237	0	95.17	4.83	hpgpEurope	44787	0	94.02	5.98	hpgpEurope
520	HpGP-LIT-001	142237	0	100	0	hpgpEurope	44787	2.63	97.37	0	hpgpEurope
521	HpGP-LIT-002	142237	0	100	0	hpgpEurope	44787	0	100	0	hpgpEurope
522	HpGP-LIT-003	142237	0	95.02	4.98	hpgpEurope	44787	0	93.68	6.32	hpgpEurope
523	HpGP-LIT-004	142237	0	98.84	1.16	hpgpEurope	44787	0	97.19	2.81	hpgpEurope
524	HpGP-LIT-006	142237	0	100	0	hpgpEurope	44787	0	100	0	hpgpEurope
525	HpGP-LIT-007	142237	0	98.4	1.6	hpgpEurope	44787	0	98.03	1.97	hpgpEurope
526	HpGP-LIT-008	142237	0	100	0	hpgpEurope	44787	0.71	99.28	0.02	hpgpEurope
527	HpGP-LIT-010	142237	0	96.37	3.63	hpgpEurope	44787	0	95.58	4.42	hpgpEurope
528	HpGP-LIT-012	142237	0	100	0	hpgpEurope	44787	0	100	0	hpgpEurope
529	HpGP-LIT-013	142237	0	99.19	0.81	hpgpEurope	44787	0	97.72	2.28	hpgpEurope
530	HpGP-LIT-020	142237	0	98.7	1.3	hpgpEurope	44787	0	98.3	1.7	hpgpEurope
531	HpGP-LIT-021	142237	0	92.05	7.95	hpgpEurope	44787	0	90.14	9.86	hpgpEurope
532	HpGP-LIT-023	142237	0	97.07	2.93	hpgpEurope	44787	0	97.72	2.28	hpgpEurope
533	HpGP-LIT-024	142237	0	100	0	hpgpEurope	44787	0.8	99.2	0	hpgpEurope
534	HpGP-LIT-025	142237	0	96.35	3.65	hpgpEurope	44787	0	94.02	5.98	hpgpEurope
535	HpGP-LIT-026	142237	0	100	0	hpgpEurope	44787	0	100	0	hpgpEurope
536	HpGP-LIT-028	142237	0	97.04	2.96	hpgpEurope	44787	0	95.9	4.1	hpgpEurope
537	HpGP-LIT-029	142237	0	96.32	3.68	hpgpEurope	44787	0	94.95	5.05	hpgpEurope
538	HpGP-LIT-030	142237	0	97.48	2.52	hpgpEurope	44787	0	98.71	1.29	hpgpEurope
539	HpGP-LIT-031	142237	0	93.58	6.42	hpgpEurope	44787	0	93.08	6.92	hpgpEurope
540	HpGP-LIT-032	142237	0	98.41	1.59	hpgpEurope	44787	0	97.32	2.68	hpgpEurope
541	HpGP-LIT-035	142237	0	91.96	8.04	hpgpEurope	44787	0	91.07	8.93	hpgpEurope
542	HpGP-LIT-041	142237	0	94.09	5.91	hpgpEurope	44787	0	91.93	8.07	hpgpEurope
543	HpGP-MAL-002	142237	2.74	58.91	38.35	hpgpEurasia	44787	0	72.87	27.13	hpgpEurasia
544	HpGP-MAL-003	142237	1.43	0	98.57	hpgpAsia	44787	2.05	0	97.95	hpgpAsia
545	HpGP-MAL-004	142237	2.87	54.5	42.63	hpgpEurasia	44787	0	72.76	27.24	hpgpEurasia
546	HpGP-MAL-005	142237	0.09	0	99.91	hpgpAsia	44787	0	0	100	hpgpAsia
547	HpGP-MAL-006	142237	1.15	0	98.85	hpgpAsia	44787	0	1.91	98.09	hpgpAsia
548	HpGP-MAL-007	142237	24.25	75.75	0	hpgpMediterranea	44787	32.74	67.26	0	hpgpMediterranea
549	HpGP-MAL-008	142237	0.3	0	99.7	hpgpAsia	44787	1.02	0	98.98	hpgpAsia
550	HpGP-MAL-010	142237	0.45	8.42	91.13	hpgpAsia	44787	0	12.82	87.18	hpgpAsia
551	HpGP-MAL-012	142237	0.84	0	99.16	hpgpAsia	44787	0	0	100	hpgpAsia
552	HpGP-MAL-015	142237	0.64	0	99.36	hpgpAsia	44787	0.28	0	99.72	hpgpAsia
553	HpGP-MAL-016	142237	2.38	55.98	41.65	hpgpEurasia	44787	0	69.68	30.32	hpgpEurasia
554	HpGP-MAL-017	142237	2.33	55.72	41.95	hpgpEurasia	44787	0	72.11	27.89	hpgpEurasia
555	HpGP-MAL-018	142237	1.14	0	98.86	hpgpAsia	44787	0.38	0	99.62	hpgpAsia
556	HpGP-MAL-019	142237	2.57	56.47	40.96	hpgpEurasia	44787	0	73.83	26.17	hpgpEurasia
557	HpGP-MAL-020	142237	0.79	0	99.21	hpgpAsia	44787	0.77	0	99.23	hpgpAsia
558	HpGP-MAL-021	142237	0.79	0	99.21	hpgpAsia	44787	0.08	0	99.92	hpgpAsia
559	HpGP-MAL-022	142237	0.67	0	99.33	hpgpAsia	44787	0	0	100	hpgpAsia
560	HpGP-MAL-023	142237	1.15	0	98.85	hpgpAsia	44787	0.13	0	99.87	hpgpAsia
561	HpGP-MAL-025	142237	2.72	57.02	40.26	hpgpEurasia	44787	0	72.35	27.65	hpgpEurasia
562	HpGP-MEX-001	142237	28.51	71.49	0	hpgpEuroamerica	44787	29.08	70.92	0	hpgpEuroamerica
563	HpGP-MEX-002	142237	27.24	71.98	0.77	hpgpEuroamerica	44787	28.18	71.82	0	hpgpEuroamerica
564	HpGP-MEX-003	142237	41.16	58.84	0	hpgpEuroamerica	44787	41.84	58.16	0	hpgpEuroamerica
565	HpGP-MEX-004	142237	29.28	70.37	0.36	hpgpEuroamerica	44787	31.15	68.85	0	hpgpEuroamerica
566	HpGP-MEX-006	142237	29.31	70.69	0	hpgpEuroamerica	44787	29.14	70.86	0	hpgpEuroamerica
567	HpGP-MEX-007	142237	18.87	81.13	0	hpgpMediterranea	44787	20.94	79.06	0	hpgpMediterranea
568	HpGP-MEX-008	142237	16.05	74.14	9.81	hpgpMediterranea	44787	17.37	76.13	6.5	hpgpMediterranea
569	HpGP-MEX-009	142237	20.16	79.84	0	hpgpMediterranea	44787	22.57	77.43	0	hpgpMediterranea
570	HpGP-MEX-010	142237	27.16	72.84	0	hpgpEuroamerica	44787	28.34	71.66	0	hpgpEuroamerica
571	HpGP-MEX-012	142237	23.86	76.14	0	hpgpMediterranea	44787	25.86	74.14	0	hpgpMediterranea
572	HpGP-MEX-023	142237	28.9	71.1	0	hpgpEuroamerica	44787	29.49	70.51	0	hpgpEuroamerica
573	HpGP-MEX-024	142237	29.07	69.71	1.22	hpgpEuroamerica	44787	30.15	69.85	0	hpgpEuroamerica
574	HpGP-MEX-027	142237	34.56	65.34	0.11	hpgpEuroamerica	44787	34.93	65.07	0	hpgpEuroamerica
575	HpGP-MEX-028	142237	0	15.78	84.22	hpgpAsia	44787	0.3	8.49	91.2	hpgpAsia
576	HpGP-MEX-032	142237	28.82	71.18	0	hpgpEuroamerica	44787	30.34	69.66	0	hpgpEuroamerica
577	HpGP-MEX-035	142237	23.68	73.05	3.28	hpgpEuroamerica	44787	23.84	76.16	0	hpgpEuroamerica
578	HpGP-MEX-040	142237	26.91	73.09	0	hpgpEuroamerica	44787	28.93	71.07	0	hpgpEuroamerica
579	HpGP-MEX-041	142237	38.47	61.53	0	hpgpEuroamerica	44787	37.98	62.02	0	hpgpEuroamerica
580	HpGP-MEX-043	142237	27.85	67.36	4.79	hpgpEuroamerica	44787	30.41	66.24	3.35	hpgpEuroamerica
581	HpGP-MEX-044	142237	38.18	61.82	0	hpgpEuroamerica	44787	36.94	63.06	0	hpgpEuroamerica
582	HpGP-MEX-045	142237	37.55	62.45	0	hpgpEuroamerica	44787	37.27	62.73	0	hpgpEuroamerica
583	HpGP-MEX-046	142237	48.48	49.2	2.33	hpgpEuroamerica	44787	49.18	50.37	0.45	hpgpEuroamerica
584	HpGP-MMR-001	142237	1.43	58.14	40.43	hpgpEurasia	44787	0	70.32	29.68	hpgpEurasia
585	HpGP-MMR-002	142237	1.69	59.26	39.05	hpgpEurasia	44787	0	71.07	28.93	hpgpEurasia
586	HpGP-MMR-003	142237	3.08	54.18	42.74	hpgpEurasia	44787	0	67.89	32.11	hpgpEurasia
587	HpGP-MMR-004	142237	2.49	52.02	45.48	hpgpEurasia	44787	0	65.73	34.27	hpgpEurasia
588	HpGP-MMR-005	142237	1.93	59.39	38.68	hpgpEurasia	44787	0	74.09	25.91	hpgpEurasia
589	HpGP-MMR-006	142237	2.6	58.25	39.14	hpgpEurasia	44787	0	72.11	27.89	hpgpEurasia
590	HpGP-MMR-007	142237	1.81	56.53	41.66	hpgpEurasia	44787	0	69.9	30.1	hpgpEurasia
591	HpGP-MMR-008	142237	2.13	58.97	38.9	hpgpEurasia	44787	0	71.63	28.37	hpgpEurasia
592	HpGP-MMR-009	142237	2.25	57.04	40.7	hpgpEurasia	44787	0	71.33	28.67	hpgpEurasia
593	HpGP-MMR-010	142237	1.72	54.84	43.45	hpgpEurasia	44787	0	65.82	34.18	hpgpEurasia
594	HpGP-MMR-011	142237	1.54	58.94	39.52	hpgpEurasia	44787	0	71.75	28.25	hpgpEurasia
595	HpGP-MMR-012	142237	2.93	57.31	39.75	hpgpEurasia	44787	0	73.25	26.75	hpgpEurasia
596	HpGP-NGA-006	142237	45.83	54.17	0	hpgpEuroamerica	44787	59.53	40.47	0	hpgpEuroamerica
597	HpGP-NGA-010	142237	45.98	54.02	0	hpgpEuroamerica	44787	60.26	39.74	0	hpgpEuroamerica
598	HpGP-NGA-017	142237	96.87	3.13	0	hpgpAfrica	44787	95.62	0	4.38	hpgpAfrica
599	HpGP-NGA-019	142237	100	0	0	hpgpAfrica	44787	96.42	0	3.58	hpgpAfrica
600	HpGP-NPL-001	142237	0	87.77	12.23	hpgpEurope	44787	0	92.13	7.87	hpgpEurope
601	HpGP-NPL-002	142237	1.76	98.24	0	hpgpEurope	44787	1.22	98.78	0	hpgpEurope
602	HpGP-NPL-003	142237	0	80.31	19.69	hpgpEurasia	44787	0	87.18	12.82	hpgpEurasia
603	HpGP-NPL-004	142237	0	39.83	60.17	hpgpEurasia	44787	0	41.42	58.58	hpgpEurasia
604	HpGP-NPL-005	142237	2.36	97.64	0	hpgpEurope	44787	4.15	95.85	0	hpgpEurope
605	HpGP-NPL-006	142237	2.25	97.75	0	hpgpEurope	44787	3.81	96.19	0	hpgpEurope
606	HpGP-NPL-007	142237	0	41.55	58.45	hpgpEurasia	44787	0	44.46	55.54	hpgpEurasia
607	HpGP-NPL-008	142237	0	70.64	29.36	hpgpEurasia	44787	0	80.21	19.79	hpgpEurasia
608	HpGP-NPL-009	142237	0	79.55	20.45	hpgpEurasia	44787	0	86.95	13.05	hpgpEurasia
609	HpGP-NPL-010	142237	8.11	91.41	0.48	hpgpEurope	44787	9.76	90.24	0	hpgpEurope
610	HpGP-NPL-011	142237	0	88.39	11.61	hpgpEurope	44787	0	90.87	9.13	hpgpEurope
611	HpGP-NPL-012	142237	0.35	87.97	11.68	hpgpEurope	44787	0	90.08	9.92	hpgpEurope
612	HpGP-NPL-013	142237	0.06	80.66	19.28	hpgpEurasia	44787	0	86.76	13.24	hpgpEurasia
613	HpGP-PER-011	142237	4.55	24.68	70.77	hpgpAsia	44787	4.83	21.58	73.59	hpgpAsia
614	HpGP-PER-013	142237	89	8.99	2.01	hpgpAfrica	44787	93.87	0.56	5.57	hpgpAfrica
615	HpGP-PER-014	142237	31.71	68.29	0	hpgpEuroamerica	44787	32.72	67.28	0	hpgpEuroamerica
616	HpGP-PER-016	142237	28.18	71.82	0	hpgpEuroamerica	44787	28.67	71.33	0	hpgpEuroamerica
617	HpGP-PER-017	142237	42.09	57.91	0	hpgpEuroamerica	44787	39.16	60.84	0	hpgpEuroamerica
618	HpGP-PER-018	142237	36.66	62.75	0.6	hpgpEuroamerica	44787	38.03	61.97	0	hpgpEuroamerica
619	HpGP-PER-019	142237	0	13.51	86.49	hpgpAsia	44787	0	11.31	88.69	hpgpAsia
620	HpGP-PER-020	142237	77.63	20.04	2.33	hpgpAfroamerica	44787	79.55	16.8	3.65	hpgpAfroamerica
621	HpGP-PER-021	142237	25.73	71.08	3.19	hpgpEuroamerica	44787	30	67.23	2.77	hpgpEuroamerica
622	HpGP-PER-101	142237	23.2	65.74	11.06	hpgpEuroamerica	44787	23.98	66.81	9.21	hpgpEuroamerica
623	HpGP-PER-102	142237	41.26	55.24	3.5	hpgpEuroamerica	44787	43.07	55.77	1.16	hpgpEuroamerica
624	HpGP-PER-103	142237	24.46	75.54	0	hpgpMediterranea	44787	25.22	74.78	0	hpgpMediterranea
625	HpGP-PER-104	142237	28.56	62.8	8.65	hpgpEuroamerica	44787	29.03	63.57	7.4	hpgpEuroamerica
626	HpGP-PER-105	142237	20.14	59.39	20.47	hpgpEuroamerica	44787	22.13	58.05	19.82	hpgpEuroamerica
627	HpGP-PER-106	142237	29.93	67.79	2.28	hpgpEuroamerica	44787	30.88	66.96	2.16	hpgpEuroamerica
628	HpGP-PER-107	142237	27.33	71.23	1.44	hpgpEuroamerica	44787	28.5	71.5	0	hpgpEuroamerica
629	HpGP-PER-108	142237	40.01	52.54	7.45	hpgpEuroamerica	44787	37.42	57.55	5.03	hpgpEuroamerica
630	HpGP-PER-109	142237	26.83	73.07	0.09	hpgpEuroamerica	44787	28.38	71.62	0	hpgpEuroamerica
631	HpGP-PER-110	142237	29.55	70.29	0.16	hpgpEuroamerica	44787	29.14	70.86	0	hpgpEuroamerica
632	HpGP-PER-111	142237	0.44	13.67	85.89	hpgpAsia	44787	0	12.89	87.11	hpgpAsia
633	HpGP-PER-112	142237	65.48	31.26	3.26	hpgpAfroamerica	44787	68.07	25.24	6.69	hpgpAfroamerica
634	HpGP-PER-113	142237	35.16	64.57	0.27	hpgpEuroamerica	44787	34.83	65.17	0	hpgpEuroamerica
635	HpGP-PER-114	142237	27.64	61.29	11.06	hpgpEuroamerica	44787	26.35	64.39	9.26	hpgpEuroamerica
636	HpGP-PER-115	142237	26.62	73.38	0	hpgpEuroamerica	44787	26.65	73.35	0	hpgpEuroamerica
637	HpGP-PER-116	142237	68.49	27.25	4.26	hpgpAfroamerica	44787	72.71	20.77	6.52	hpgpAfroamerica
638	HpGP-PER-117	142237	28.41	71.22	0.37	hpgpEuroamerica	44787	28.96	71.04	0	hpgpEuroamerica
639	HpGP-PER-119	142237	25.68	64.98	9.34	hpgpEuroamerica	44787	28.15	64.57	7.28	hpgpEuroamerica
640	HpGP-PER-121	142237	1.25	12.57	86.18	hpgpAsia	44787	0	10.68	89.32	hpgpAsia
641	HpGP-PER-124	142237	30.74	69.26	0	hpgpEuroamerica	44787	29.39	70.61	0	hpgpEuroamerica
642	HpGP-PER-130	142237	27.99	71.89	0.12	hpgpEuroamerica	44787	29.41	70.59	0	hpgpEuroamerica
643	HpGP-PER-136	142237	27.93	67.38	4.69	hpgpEuroamerica	44787	27.32	69.46	3.22	hpgpEuroamerica
644	HpGP-PER-138	142237	0.53	14.74	84.73	hpgpAsia	44787	0.46	12.36	87.18	hpgpAsia
645	HpGP-PER-140	142237	54.29	44.73	0.98	hpgpAfroamerica	44787	59.16	37.58	3.25	hpgpAfroamerica
646	HpGP-POL-001	142237	0	99.51	0.49	hpgpEurope	44787	0	97.27	2.73	hpgpEurope
647	HpGP-POL-002	142237	0.45	99.55	0	hpgpEurope	44787	0.53	99.47	0	hpgpEurope
648	HpGP-POL-003	142237	0.56	99.44	0	hpgpEurope	44787	3.22	96.78	0	hpgpEurope
649	HpGP-POL-004	142237	0.78	99.22	0	hpgpEurope	44787	1.22	98.78	0	hpgpEurope
650	HpGP-POL-005	142237	0.55	99.45	0	hpgpEurope	44787	0	100	0	hpgpEurope
651	HpGP-POL-006	142237	0.29	99.71	0	hpgpEurope	44787	1.92	98.08	0	hpgpEurope
652	HpGP-POL-007	142237	0.67	99.33	0	hpgpEurope	44787	0.96	99.04	0	hpgpEurope
653	HpGP-POL-008	142237	0	100	0	hpgpEurope	44787	0.51	99.49	0	hpgpEurope
654	HpGP-POL-009	142237	0.33	99.67	0	hpgpEurope	44787	0	100	0	hpgpEurope
655	HpGP-POL-010	142237	0.7	99.3	0	hpgpEurope	44787	2.51	97.49	0	hpgpEurope
656	HpGP-POL-101	142237	0.02	99.98	0	hpgpEurope	44787	0	100	0	hpgpEurope
657	HpGP-POL-102	142237	0.11	99.89	0	hpgpEurope	44787	0	100	0	hpgpEurope
658	HpGP-POL-103	142237	0	97.05	2.95	hpgpEurope	44787	0	96.74	3.26	hpgpEurope
659	HpGP-POL-104	142237	0	97.32	2.68	hpgpEurope	44787	0	98.16	1.84	hpgpEurope
660	HpGP-POL-105	142237	0	99.93	0.07	hpgpEurope	44787	0	98.22	1.78	hpgpEurope
661	HpGP-POL-106	142237	0.06	99.94	0	hpgpEurope	44787	1.89	98.11	0	hpgpEurope
662	HpGP-POL-107	142237	0.14	99.86	0	hpgpEurope	44787	1.2	98.8	0	hpgpEurope
663	HpGP-POL-108	142237	0.08	99.92	0	hpgpEurope	44787	2.01	97.99	0	hpgpEurope
664	HpGP-POL-109	142237	0	100	0	hpgpEurope	44787	1.07	98.93	0	hpgpEurope
665	HpGP-POL-110	142237	0	100	0	hpgpEurope	44787	0	100	0	hpgpEurope
666	HpGP-POR-001	142237	17.93	82.07	0	hpgpMediterranea	44787	19.76	80.24	0	hpgpMediterranea
667	HpGP-POR-002	142237	24.73	75.27	0	hpgpMediterranea	44787	26.61	73.39	0	hpgpMediterranea
668	HpGP-POR-003	142237	16.71	83.29	0	hpgpMediterranea	44787	16.96	83.04	0	hpgpMediterranea
669	HpGP-POR-004	142237	98.87	0	1.13	hpgpAfrica	44787	98.91	0	1.09	hpgpAfrica
670	HpGP-POR-005	142237	21.56	78.44	0	hpgpMediterranea	44787	24.26	75.74	0	hpgpMediterranea
671	HpGP-POR-006	142237	89.81	10.19	0	hpgpAfrica	44787	96.46	0	3.54	hpgpAfrica
672	HpGP-POR-007	142237	18.85	81.15	0	hpgpMediterranea	44787	21.16	78.84	0	hpgpMediterranea
673	HpGP-POR-008	142237	16.09	83.91	0	hpgpMediterranea	44787	18.31	81.69	0	hpgpMediterranea
674	HpGP-POR-009	142237	15.75	84.25	0	hpgpMediterranea	44787	17.74	82.26	0	hpgpMediterranea
675	HpGP-POR-010	142237	15.67	84.33	0	hpgpMediterranea	44787	19.8	80.2	0	hpgpMediterranea
676	HpGP-POR-011	142237	17.7	82.3	0	hpgpMediterranea	44787	19.57	80.43	0	hpgpMediterranea
677	HpGP-POR-012	142237	22.43	77.57	0	hpgpMediterranea	44787	24.94	75.06	0	hpgpMediterranea
678	HpGP-POR-013	142237	18.27	81.73	0	hpgpMediterranea	44787	21.54	78.46	0	hpgpMediterranea
679	HpGP-POR-015	142237	16.27	83.73	0	hpgpMediterranea	44787	20.31	79.69	0	hpgpMediterranea
680	HpGP-POR-018	142237	18.6	81.4	0	hpgpMediterranea	44787	20.13	79.87	0	hpgpMediterranea
681	HpGP-POR-101	142237	18.53	81.47	0	hpgpMediterranea	44787	20.4	79.6	0	hpgpMediterranea
682	HpGP-POR-102	142237	17.2	82.8	0	hpgpMediterranea	44787	18.36	81.64	0	hpgpMediterranea
683	HpGP-POR-103	142237	19.08	80.92	0	hpgpMediterranea	44787	19.43	80.57	0	hpgpMediterranea
684	HpGP-POR-104	142237	21.87	78.13	0	hpgpMediterranea	44787	21.23	78.77	0	hpgpMediterranea
685	HpGP-POR-105	142237	16.7	83.3	0	hpgpMediterranea	44787	19.49	80.51	0	hpgpMediterranea
686	HpGP-POR-106	142237	19.1	80.9	0	hpgpMediterranea	44787	19.65	80.35	0	hpgpMediterranea
687	HpGP-POR-107	142237	19.77	80.23	0	hpgpMediterranea	44787	21.37	78.63	0	hpgpMediterranea
688	HpGP-POR-108	142237	19.62	80.38	0	hpgpMediterranea	44787	23.81	76.19	0	hpgpMediterranea
689	HpGP-POR-109	142237	17.12	82.88	0	hpgpMediterranea	44787	19.15	80.85	0	hpgpMediterranea
690	HpGP-POR-110	142237	36	64	0	hpgpEuroamerica	44787	34.5	65.5	0	hpgpEuroamerica
691	HpGP-POR-111	142237	20.4	79.6	0	hpgpMediterranea	44787	20.29	79.71	0	hpgpMediterranea
692	HpGP-POR-112	142237	22.62	77.38	0	hpgpMediterranea	44787	22.92	77.08	0	hpgpMediterranea
693	HpGP-POR-113	142237	28.75	71.25	0	hpgpEuroamerica	44787	31.16	68.84	0	hpgpEuroamerica
694	HpGP-POR-114	142237	27.48	72.52	0	hpgpEuroamerica	44787	27.51	72.49	0	hpgpEuroamerica
695	HpGP-POR-115	142237	27.24	72.76	0	hpgpEuroamerica	44787	27.31	72.69	0	hpgpEuroamerica
696	HpGP-PRI-001	142237	20.45	79.55	0	hpgpMediterranea	44787	21.48	78.52	0	hpgpMediterranea
697	HpGP-PRI-002	142237	19.74	80.26	0	hpgpMediterranea	44787	21.01	78.99	0	hpgpMediterranea
698	HpGP-PRI-004	142237	26.61	73.39	0	hpgpMediterranea	44787	27.49	72.51	0	hpgpMediterranea
699	HpGP-PRI-005	142237	94.61	5.39	0	hpgpAfrica	44787	96.59	0	3.41	hpgpAfrica
700	HpGP-PRI-006	142237	23.75	76.25	0	hpgpMediterranea	44787	22.74	77.26	0	hpgpMediterranea
701	HpGP-PRI-007	142237	20.45	79.55	0	hpgpMediterranea	44787	21.46	78.54	0	hpgpMediterranea
702	HpGP-PRI-008	142237	31.65	68.35	0	hpgpEuroamerica	44787	32.51	67.49	0	hpgpEuroamerica
703	HpGP-RUS-001	142237	0	99.1	0.9	hpgpEurope	44787	0	96.79	3.21	hpgpEurope
704	HpGP-RUS-002	142237	0	100	0	hpgpEurope	44787	0	100	0	hpgpEurope
705	HpGP-RUS-003	142237	0	99.8	0.2	hpgpEurope	44787	0	100	0	hpgpEurope
706	HpGP-RUS-004	142237	0	97.42	2.58	hpgpEurope	44787	0	98.33	1.67	hpgpEurope
707	HpGP-RUS-006	142237	0	100	0	hpgpEurope	44787	0	100	0	hpgpEurope
708	HpGP-RUS-007	142237	0	97.23	2.77	hpgpEurope	44787	0	96.64	3.36	hpgpEurope
709	HpGP-RUS-008	142237	0	98.2	1.8	hpgpEurope	44787	0	99.63	0.37	hpgpEurope
710	HpGP-RUS-009	142237	0	100	0	hpgpEurope	44787	0.55	99.45	0	hpgpEurope
711	HpGP-RUS-010	142237	0	99.4	0.6	hpgpEurope	44787	0	97.78	2.22	hpgpEurope
712	HpGP-RUS-011	142237	0	100	0	hpgpEurope	44787	0	100	0	hpgpEurope
713	HpGP-SGP-002	142237	0.69	0	99.31	hpgpAsia	44787	0	0	100	hpgpAsia
714	HpGP-SGP-003	142237	0.57	0	99.43	hpgpAsia	44787	0	0	100	hpgpAsia
715	HpGP-SGP-004	142237	0	0	100	hpgpAsia	44787	0.14	0	99.86	hpgpAsia
716	HpGP-SGP-005	142237	1.07	0	98.93	hpgpAsia	44787	0	0	100	hpgpAsia
717	HpGP-SGP-006	142237	2.24	0	97.76	hpgpAsia	44787	3.28	0	96.72	hpgpAsia
718	HpGP-SGP-007	142237	0	0	100	hpgpAsia	44787	0	0	100	hpgpAsia
719	HpGP-SGP-008	142237	1.05	0	98.95	hpgpAsia	44787	0	0	100	hpgpAsia
720	HpGP-SGP-009	142237	0.47	0	99.53	hpgpAsia	44787	0.92	0	99.08	hpgpAsia
721	HpGP-SGP-012	142237	0.02	0	99.98	hpgpAsia	44787	0.31	0	99.69	hpgpAsia
722	HpGP-SGP-013	142237	0.65	0	99.35	hpgpAsia	44787	0.28	0	99.72	hpgpAsia
723	HpGP-SGP-014	142237	0.15	0	99.85	hpgpAsia	44787	0	0	100	hpgpAsia
724	HpGP-SGP-015	142237	0.69	0	99.31	hpgpAsia	44787	0	0	100	hpgpAsia
725	HpGP-SGP-017	142237	0.53	0	99.47	hpgpAsia	44787	0.02	0	99.98	hpgpAsia
726	HpGP-SGP-018	142237	1.12	0	98.88	hpgpAsia	44787	0	2.28	97.72	hpgpAsia
727	HpGP-SGP-019	142237	0.86	0	99.14	hpgpAsia	44787	0.49	0	99.51	hpgpAsia
728	HpGP-SGP-024	142237	1	0	99	hpgpAsia	44787	0.41	0	99.59	hpgpAsia
729	HpGP-SGP-026	142237	0.99	0	99.01	hpgpAsia	44787	0.98	0	99.02	hpgpAsia
730	HpGP-SGP-032	142237	0.38	0	99.62	hpgpAsia	44787	0	0	100	hpgpAsia
731	HpGP-SGP-033	142237	0.06	0	99.94	hpgpAsia	44787	0	0	100	hpgpAsia
732	HpGP-SGP-036	142237	2.33	0	97.67	hpgpAsia	44787	0.86	1.69	97.44	hpgpAsia
733	HpGP-SGP-038	142237	0.48	0	99.52	hpgpAsia	44787	0.48	0	99.52	hpgpAsia
734	HpGP-SPA-001	142237	17.3	82.7	0	hpgpMediterranea	44787	18.89	81.11	0	hpgpMediterranea
735	HpGP-SPA-002	142237	16.54	83.46	0	hpgpMediterranea	44787	19.96	80.04	0	hpgpMediterranea
736	HpGP-SPA-003	142237	17.1	82.9	0	hpgpMediterranea	44787	20.53	79.47	0	hpgpMediterranea
737	HpGP-SPA-004	142237	24.21	75.79	0	hpgpMediterranea	44787	26.45	73.55	0	hpgpMediterranea
738	HpGP-SPA-005	142237	18.42	81.58	0	hpgpMediterranea	44787	20.3	79.7	0	hpgpMediterranea
739	HpGP-SPA-006	142237	19.37	80.63	0	hpgpMediterranea	44787	19.82	80.18	0	hpgpMediterranea
740	HpGP-SPA-007	142237	18.28	81.72	0	hpgpMediterranea	44787	21.29	78.71	0	hpgpMediterranea
741	HpGP-SPA-008	142237	17.19	82.81	0	hpgpMediterranea	44787	19.27	80.73	0	hpgpMediterranea
742	HpGP-SPA-009	142237	14.81	85.19	0	hpgpMediterranea	44787	17.97	82.03	0	hpgpMediterranea
743	HpGP-SPA-010	142237	17.77	82.23	0	hpgpMediterranea	44787	17.46	82.54	0	hpgpMediterranea
744	HpGP-SPA-011	142237	14.52	85.48	0	hpgpMediterranea	44787	18.57	81.43	0	hpgpMediterranea
745	HpGP-SPA-012	142237	18.57	81.43	0	hpgpMediterranea	44787	20.26	79.74	0	hpgpMediterranea
746	HpGP-SPA-013	142237	25.65	74.35	0	hpgpMediterranea	44787	24.96	75.04	0	hpgpMediterranea
747	HpGP-SPA-014	142237	22.34	77.66	0	hpgpMediterranea	44787	22.42	77.58	0	hpgpMediterranea
748	HpGP-SPA-015	142237	23.68	76.32	0	hpgpMediterranea	44787	25.48	74.52	0	hpgpMediterranea
749	HpGP-SPA-016	142237	23.65	76.35	0	hpgpMediterranea	44787	27.77	72.23	0	hpgpMediterranea
750	HpGP-SPA-017	142237	21.52	78.48	0	hpgpMediterranea	44787	22.95	77.05	0	hpgpMediterranea
751	HpGP-SPA-018	142237	22.6	77.4	0	hpgpMediterranea	44787	24.12	75.88	0	hpgpMediterranea
752	HpGP-SPA-019	142237	21.86	78.14	0	hpgpMediterranea	44787	21.66	78.34	0	hpgpMediterranea
753	HpGP-SPA-020	142237	26.71	73.29	0	hpgpEuroamerica	44787	25.08	74.92	0	hpgpEuroamerica
754	HpGP-SPA-101	142237	1.38	98.62	0	hpgpEurope	44787	1.91	98.09	0	hpgpEurope
755	HpGP-SPA-102	142237	15.36	84.64	0	hpgpMediterranea	44787	19.55	80.45	0	hpgpMediterranea
756	HpGP-SPA-103	142237	15.57	84.43	0	hpgpMediterranea	44787	16.38	83.62	0	hpgpMediterranea
757	HpGP-SPA-104	142237	23.14	76.86	0	hpgpMediterranea	44787	24	76	0	hpgpMediterranea
758	HpGP-SPA-105	142237	27.08	72.92	0	hpgpMediterranea	44787	27.17	72.83	0	hpgpMediterranea
759	HpGP-SPA-107	142237	17.22	82.78	0	hpgpMediterranea	44787	20.2	79.8	0	hpgpMediterranea
760	HpGP-SPA-108	142237	18.61	81.39	0	hpgpMediterranea	44787	19.03	80.97	0	hpgpMediterranea
761	HpGP-SPA-110	142237	16.27	83.73	0	hpgpMediterranea	44787	17.61	82.39	0	hpgpMediterranea
762	HpGP-SPA-111	142237	14.78	85.22	0	hpgpMediterranea	44787	17.79	82.21	0	hpgpMediterranea
763	HpGP-SPA-201	142237	19.3	80.7	0	hpgpMediterranea	44787	20.66	79.34	0	hpgpMediterranea
764	HpGP-SPA-202	142237	94.48	5.52	0	hpgpAfrica	44787	97.96	0	2.04	hpgpAfrica
765	HpGP-SPA-203	142237	15.77	84.23	0	hpgpMediterranea	44787	20.2	79.8	0	hpgpMediterranea
766	HpGP-SPA-204	142237	15.14	84.86	0	hpgpMediterranea	44787	17.09	82.91	0	hpgpMediterranea
767	HpGP-SPA-205	142237	14.6	85.4	0	hpgpMediterranea	44787	18.31	81.69	0	hpgpMediterranea
768	HpGP-SPA-206	142237	18.36	81.64	0	hpgpMediterranea	44787	24.9	75.1	0	hpgpMediterranea
769	HpGP-SPA-207	142237	26.73	73.27	0	hpgpEuroamerica	44787	27.5	72.5	0	hpgpEuroamerica
770	HpGP-SPA-209	142237	16.99	83.01	0	hpgpMediterranea	44787	18.92	81.08	0	hpgpMediterranea
771	HpGP-SPA-210	142237	15.12	84.88	0	hpgpMediterranea	44787	15.21	84.79	0	hpgpMediterranea
772	HpGP-SPA-301	142237	21.44	78.56	0	hpgpMediterranea	44787	20.99	79.01	0	hpgpMediterranea
773	HpGP-SPA-302	142237	15.46	84.54	0	hpgpMediterranea	44787	17.22	82.78	0	hpgpMediterranea
774	HpGP-SPA-303	142237	16.2	83.8	0	hpgpMediterranea	44787	16.67	83.33	0	hpgpMediterranea
775	HpGP-SPA-304	142237	18.06	81.94	0	hpgpMediterranea	44787	20.04	79.96	0	hpgpMediterranea
776	HpGP-SPA-305	142237	21.94	78.06	0	hpgpMediterranea	44787	25.12	74.88	0	hpgpMediterranea
777	HpGP-SPA-306	142237	15.14	84.86	0	hpgpMediterranea	44787	19.06	80.94	0	hpgpMediterranea
778	HpGP-SPA-307	142237	15.18	84.82	0	hpgpMediterranea	44787	16.24	83.76	0	hpgpMediterranea
779	HpGP-SPA-308	142237	13.49	86.51	0	hpgpMediterranea	44787	16.73	83.27	0	hpgpMediterranea
780	HpGP-SPA-309	142237	26.19	73.81	0	hpgpEuroamerica	44787	24.7	75.3	0	hpgpEuroamerica
781	HpGP-SPA-310	142237	15.2	84.8	0	hpgpMediterranea	44787	17.3	82.69	0	hpgpMediterranea
782	HpGP-SPA-311	142237	16.5	83.5	0	hpgpMediterranea	44787	18.76	81.24	0	hpgpMediterranea
783	HpGP-SPA-312	142237	23.64	76.36	0	hpgpMediterranea	44787	22.6	77.4	0	hpgpMediterranea
784	HpGP-SPA-313	142237	33.67	66.33	0	hpgpEuroamerica	44787	34.21	65.79	0	hpgpEuroamerica
785	HpGP-SPA-314	142237	26.2	73.8	0	hpgpEuroamerica	44787	26.81	73.19	0	hpgpEuroamerica
786	HpGP-SPA-315	142237	17.62	82.38	0	hpgpMediterranea	44787	19.8	80.2	0	hpgpMediterranea
787	HpGP-SPA-316	142237	15.49	84.51	0	hpgpMediterranea	44787	19.11	80.89	0	hpgpMediterranea
788	HpGP-SPA-317	142237	100	0	0	hpgpAfrica	44787	97.86	0	2.14	hpgpAfrica
789	HpGP-SPA-318	142237	34.76	65.24	0	hpgpEuroamerica	44787	35.75	64.25	0	hpgpEuroamerica
790	HpGP-SPA-319	142237	22.99	77.01	0	hpgpMediterranea	44787	24.51	75.49	0	hpgpMediterranea
791	HpGP-SPA-320	142237	24.77	75.23	0	hpgpMediterranea	44787	25.27	74.73	0	hpgpMediterranea
792	HpGP-SPA-321	142237	17.67	82.33	0	hpgpMediterranea	44787	21.46	78.54	0	hpgpMediterranea
793	HpGP-SPA-322	142237	22.56	77.44	0	hpgpMediterranea	44787	24.35	75.65	0	hpgpMediterranea
794	HpGP-SPA-323	142237	21.83	78.17	0	hpgpMediterranea	44787	21.88	78.12	0	hpgpMediterranea
795	HpGP-SPA-324	142237	15.89	84.11	0	hpgpMediterranea	44787	19.85	80.15	0	hpgpMediterranea
796	HpGP-SPA-325	142237	22.39	77.61	0	hpgpMediterranea	44787	24.39	75.61	0	hpgpMediterranea
797	HpGP-SPA-401	142237	16.67	83.33	0	hpgpMediterranea	44787	17.66	82.34	0	hpgpMediterranea
798	HpGP-SPA-402	142237	91.94	8.06	0	hpgpAfrica	44787	92.56	5.99	1.44	hpgpAfrica
799	HpGP-SPA-403	142237	21.87	78.13	0	hpgpMediterranea	44787	23.84	76.16	0	hpgpMediterranea
800	HpGP-SPA-404	142237	29.19	70.81	0	hpgpEuroamerica	44787	27.14	72.86	0	hpgpEuroamerica
801	HpGP-SPA-405	142237	28.12	71.88	0	hpgpEuroamerica	44787	29.57	70.43	0	hpgpEuroamerica
802	HpGP-SPA-406	142237	15.6	84.4	0	hpgpMediterranea	44787	17.55	82.45	0	hpgpMediterranea
803	HpGP-SPA-407	142237	22.48	77.52	0	hpgpMediterranea	44787	22.04	77.96	0	hpgpMediterranea
804	HpGP-SPA-409	142237	76.95	23.05	0	hpgpAfroamerica	44787	73.4	26.6	0	hpgpAfroamerica
805	HpGP-SPA-413	142237	18.36	81.64	0	hpgpMediterranea	44787	21.52	78.48	0	hpgpMediterranea
806	HpGP-SPA-414	142237	16.74	83.26	0	hpgpMediterranea	44787	19.36	80.64	0	hpgpMediterranea
807	HpGP-SPA-501	142237	17.69	82.31	0	hpgpMediterranea	44787	19.89	80.11	0	hpgpMediterranea
808	HpGP-SPA-502	142237	19.8	80.2	0	hpgpMediterranea	44787	19.89	80.11	0	hpgpMediterranea
809	HpGP-SPA-503	142237	19.89	80.11	0	hpgpMediterranea	44787	19.78	80.22	0	hpgpMediterranea
810	HpGP-SPA-504	142237	1.66	98.34	0	hpgpEurope	44787	3.97	96.03	0	hpgpEurope
811	HpGP-SPA-505	142237	20.51	79.49	0	hpgpMediterranea	44787	20.98	79.02	0	hpgpMediterranea
812	HpGP-SPA-506	142237	14.73	85.27	0	hpgpMediterranea	44787	17.13	82.87	0	hpgpMediterranea
813	HpGP-SPA-507	142237	21.08	78.92	0	hpgpMediterranea	44787	22.99	77.01	0	hpgpMediterranea
814	HpGP-SPA-508	142237	16.69	83.31	0	hpgpMediterranea	44787	18.51	81.49	0	hpgpMediterranea
815	HpGP-SPA-509	142237	32.54	67.46	0	hpgpEuroamerica	44787	29.57	70.43	0	hpgpEuroamerica
816	HpGP-SPA-510	142237	18.21	81.79	0	hpgpMediterranea	44787	20.77	79.23	0	hpgpMediterranea
817	HpGP-SPA-601	142237	22.28	77.72	0	hpgpMediterranea	44787	24.34	75.66	0	hpgpMediterranea
818	HpGP-SPA-604	142237	15.88	84.12	0	hpgpMediterranea	44787	18.73	81.27	0	hpgpMediterranea
819	HpGP-SPA-606	142237	20.55	79.45	0	hpgpMediterranea	44787	20.99	79.01	0	hpgpMediterranea
820	HpGP-SPA-607	142237	18.29	81.71	0	hpgpMediterranea	44787	20.88	79.12	0	hpgpMediterranea
821	HpGP-SPA-609	142237	63.67	36.33	0	hpgpAfroamerica	44787	64.42	35.58	0	hpgpAfroamerica
822	HpGP-SPA-610	142237	16.46	83.54	0	hpgpMediterranea	44787	19.82	80.18	0	hpgpMediterranea
823	HpGP-SPA-611	142237	26.8	73.2	0	hpgpEuroamerica	44787	27.39	72.61	0	hpgpEuroamerica
824	HpGP-SPA-701	142237	14.9	85.1	0	hpgpMediterranea	44787	18.08	81.92	0	hpgpMediterranea
825	HpGP-SPA-702	142237	14.78	85.22	0	hpgpMediterranea	44787	16.87	83.13	0	hpgpMediterranea
826	HpGP-SPA-703	142237	14.11	85.89	0	hpgpMediterranea	44787	17.94	82.06	0	hpgpMediterranea
827	HpGP-SPA-704	142237	15.67	84.33	0	hpgpMediterranea	44787	18.17	81.83	0	hpgpMediterranea
828	HpGP-SPA-705	142237	15.64	84.36	0	hpgpMediterranea	44787	18.41	81.59	0	hpgpMediterranea
829	HpGP-SPA-706	142237	2.02	18.65	79.33	hpgpAsia	44787	2	16.97	81.03	hpgpAsia
830	HpGP-SPA-707	142237	14.42	85.58	0	hpgpMediterranea	44787	16.1	83.9	0	hpgpMediterranea
831	HpGP-SPA-709	142237	0.55	99.45	0	hpgpEurope	44787	0.53	99.47	0	hpgpEurope
832	HpGP-SPA-710	142237	27.65	72.35	0	hpgpEuroamerica	44787	26.03	73.97	0	hpgpEuroamerica
833	HpGP-SPA-801	142237	24.34	75.66	0	hpgpMediterranea	44787	24.18	75.82	0	hpgpMediterranea
834	HpGP-SPA-802	142237	19.2	80.8	0	hpgpMediterranea	44787	21.04	78.96	0	hpgpMediterranea
835	HpGP-SPA-803	142237	19.57	80.43	0	hpgpMediterranea	44787	22.33	77.67	0	hpgpMediterranea
836	HpGP-SPA-804	142237	22.05	66.34	11.61	hpgpEuroamerica	44787	24.41	63.79	11.8	hpgpEuroamerica
837	HpGP-SPA-805	142237	18.71	81.29	0	hpgpMediterranea	44787	19.2	80.8	0	hpgpMediterranea
838	HpGP-SPA-806	142237	0	100	0	hpgpEurope	44787	0	100	0	hpgpEurope
839	HpGP-SPA-807	142237	26.22	73.78	0	hpgpEuroamerica	44787	26.84	73.16	0	hpgpEuroamerica
840	HpGP-SWE-001	142237	0	95.88	4.12	hpgpEurope	44787	0	94.02	5.98	hpgpEurope
841	HpGP-SWE-002	142237	0	94.44	5.56	hpgpEurope	44787	0	89.99	10.01	hpgpEurope
842	HpGP-SWE-003	142237	0	96.53	3.47	hpgpEurope	44787	0	95.17	4.83	hpgpEurope
843	HpGP-SWE-004	142237	0	96.53	3.47	hpgpEurope	44787	0	95.17	4.83	hpgpEurope
844	HpGP-SWE-005	142237	0	94.14	5.86	hpgpEurope	44787	0	91.32	8.68	hpgpEurope
845	HpGP-SWE-006	142237	6.89	93.11	0	hpgpEurope	44787	9.87	90.13	0	hpgpEurope
846	HpGP-SWE-007	142237	0	95.34	4.66	hpgpEurope	44787	0	92.21	7.79	hpgpEurope
847	HpGP-SWE-008	142237	0	91.92	8.08	hpgpEurope	44787	0	87.69	12.31	hpgpEurope
848	HpGP-SWE-010	142237	0	92.84	7.16	hpgpEurope	44787	0	92.19	7.81	hpgpEurope
849	HpGP-SWE-012	142237	0	97.8	2.2	hpgpEurope	44787	0	97.26	2.74	hpgpEurope
850	HpGP-SWE-013	142237	0	94.45	5.55	hpgpEurope	44787	0	93.7	6.3	hpgpEurope
851	HpGP-SWE-014	142237	0	94.57	5.43	hpgpEurope	44787	0	91.49	8.51	hpgpEurope
852	HpGP-SWE-015	142237	0	94.77	5.23	hpgpEurope	44787	0	92.46	7.54	hpgpEurope
853	HpGP-SWE-016	142237	0	95.35	4.65	hpgpEurope	44787	0	94.62	5.38	hpgpEurope
854	HpGP-SWE-017	142237	0	90.52	9.48	hpgpEurope	44787	0	86.94	13.06	hpgpEurope
855	HpGP-SWE-018	142237	0	83.38	16.62	hpgpEurasia	44787	0	78.54	21.46	hpgpEurasia
856	HpGP-SWE-019	142237	0	94.53	5.47	hpgpEurope	44787	0	92	8	hpgpEurope
857	HpGP-SWE-021	142237	0	86.58	13.42	hpgpEurope	44787	0	84.31	15.69	hpgpEurope
858	HpGP-SWE-022	142237	0	87.86	12.14	hpgpEurope	44787	0	84.6	15.4	hpgpEurope
859	HpGP-SWE-024	142237	0	94.7	5.3	hpgpEurope	44787	0	92.95	7.05	hpgpEurope
860	HpGP-SWE-025	142237	0	94.92	5.08	hpgpEurope	44787	0	92.77	7.23	hpgpEurope
861	HpGP-SWE-026	142237	0	95.05	4.95	hpgpEurope	44787	0	93.87	6.13	hpgpEurope
862	HpGP-SWE-027	142237	0	89.11	10.89	hpgpEurope	44787	0	88.71	11.29	hpgpEurope
863	HpGP-SWE-028	142237	0	90.92	9.08	hpgpEurope	44787	0	88.21	11.79	hpgpEurope
864	HpGP-SWE-030	142237	0	96.5	3.5	hpgpEurope	44787	0	95.77	4.23	hpgpEurope
865	HpGP-SWE-031	142237	0	93.21	6.79	hpgpEurope	44787	0	91.65	8.35	hpgpEurope
866	HpGP-SWE-032	142237	0	91.34	8.66	hpgpEurope	44787	0	89.05	10.95	hpgpEurope
867	HpGP-SWE-033	142237	0	94.38	5.62	hpgpEurope	44787	0	90.85	9.15	hpgpEurope
868	HpGP-SWE-034	142237	0	91.35	8.65	hpgpEurope	44787	0	89.55	10.45	hpgpEurope
869	HpGP-SWE-036	142237	0	89.18	10.82	hpgpEurope	44787	0	87.81	12.19	hpgpEurope
870	HpGP-SWT-001	142237	19.42	80.58	0	hpgpMediterranea	44787	21.32	78.68	0	hpgpMediterranea
871	HpGP-SWT-002	142237	0.54	99.46	0	hpgpEurope	44787	3.09	96.91	0	hpgpEurope
872	HpGP-SWT-003	142237	15.84	84.16	0	hpgpMediterranea	44787	22.08	77.92	0	hpgpMediterranea
873	HpGP-SWT-004	142237	0	98	2	hpgpEurope	44787	0	94.73	5.27	hpgpEurope
874	HpGP-SWT-005	142237	24.51	74.1	1.38	hpgpEuroamerica	44787	26.47	73.53	0	hpgpEuroamerica
875	HpGP-SWT-006	142237	0.97	99.03	0	hpgpEurope	44787	4.13	95.87	0	hpgpEurope
876	HpGP-SWT-007	142237	0.52	99.48	0	hpgpEurope	44787	1.52	97.76	0.72	hpgpEurope
877	HpGP-SWT-008	142237	1.04	98.96	0	hpgpEurope	44787	2.9	97.1	0	hpgpEurope
878	HpGP-SWT-010	142237	23.25	76.75	0	hpgpMediterranea	44787	31.08	68.92	0	hpgpMediterranea
879	HpGP-SWT-011	142237	1.2	97.35	1.45	hpgpEurope	44787	1.34	94.2	4.46	hpgpEurope
880	HpGP-SWT-012	142237	19.13	80.87	0	hpgpMediterranea	44787	22.83	77.17	0	hpgpMediterranea
881	HpGP-SWT-013	142237	2.35	97.65	0	hpgpEurope	44787	6.92	93.08	0	hpgpEurope
882	HpGP-SWT-014	142237	1.39	98.61	0	hpgpEurope	44787	5.78	94.22	0	hpgpEurope
883	HpGP-SWT-015	142237	17.98	82.02	0	hpgpMediterranea	44787	18.56	81.44	0	hpgpMediterranea
884	HpGP-SWT-017	142237	11.5	88.5	0	hpgpMediterranea	44787	15.62	84.38	0	hpgpMediterranea
885	HpGP-TUR-001	142237	0	99.8	0.2	hpgpEurope	44787	0	98.68	1.32	hpgpEurope
886	HpGP-TUR-002	142237	0	98.94	1.06	hpgpEurope	44787	0	98.24	1.76	hpgpEurope
887	HpGP-TUR-003	142237	1.97	98.03	0	hpgpEurope	44787	4.96	95.04	0	hpgpEurope
888	HpGP-TUR-004	142237	1.49	98.51	0	hpgpEurope	44787	4.29	95.71	0	hpgpEurope
889	HpGP-TUR-005	142237	0	99.11	0.89	hpgpEurope	44787	0	98.44	1.56	hpgpEurope
890	HpGP-TUR-006	142237	0	100	0	hpgpEurope	44787	0	100	0	hpgpEurope
891	HpGP-TUR-007	142237	0	99.21	0.79	hpgpEurope	44787	0	100	0	hpgpEurope
892	HpGP-TUR-008	142237	0.43	99.57	0	hpgpEurope	44787	3.16	96.84	0	hpgpEurope
893	HpGP-TUR-009	142237	0	97.47	2.53	hpgpEurope	44787	0	98.67	1.33	hpgpEurope
894	HpGP-TUR-010	142237	1.69	98.31	0	hpgpEurope	44787	4.36	95.64	0	hpgpEurope
895	HpGP-TUR-011	142237	0	99.09	0.91	hpgpEurope	44787	0	100	0	hpgpEurope
896	HpGP-TUR-014	142237	0	100	0	hpgpEurope	44787	0.63	99.37	0	hpgpEurope
897	HpGP-TUR-016	142237	0	97.85	2.15	hpgpEurope	44787	0	95.72	4.28	hpgpEurope
898	HpGP-TUR-017	142237	0	100	0	hpgpEurope	44787	0	100	0	hpgpEurope
899	HpGP-TUR-021	142237	0	99.08	0.92	hpgpEurope	44787	0	100	0	hpgpEurope
900	HpGP-TUR-022	142237	0	96.82	3.18	hpgpEurope	44787	0	97.05	2.95	hpgpEurope
901	HpGP-TUR-023	142237	0	97.54	2.46	hpgpEurope	44787	0	98.96	1.04	hpgpEurope
902	HpGP-TWN-001	142237	1.64	0	98.36	hpgpAsia	44787	1.55	0	98.45	hpgpAsia
903	HpGP-TWN-002	142237	1.43	0	98.57	hpgpAsia	44787	1.64	0	98.36	hpgpAsia
904	HpGP-TWN-003	142237	0.72	0	99.28	hpgpAsia	44787	0	0	100	hpgpAsia
905	HpGP-TWN-004	142237	1.14	0	98.86	hpgpAsia	44787	0	0.92	99.08	hpgpAsia
906	HpGP-TWN-005	142237	1.08	0	98.92	hpgpAsia	44787	0.89	0	99.11	hpgpAsia
907	HpGP-TWN-006	142237	5	14.03	80.97	hpgpAsia	44787	3.79	17.05	79.16	hpgpAsia
908	HpGP-TWN-007	142237	1.69	0	98.31	hpgpAsia	44787	2.01	0	97.99	hpgpAsia
909	HpGP-TWN-008	142237	1.1	0	98.9	hpgpAsia	44787	0.7	0	99.3	hpgpAsia
910	HpGP-TWN-009	142237	0.64	0	99.36	hpgpAsia	44787	1.1	0	98.9	hpgpAsia
911	HpGP-TWN-010	142237	0.3	0	99.7	hpgpAsia	44787	0.55	0	99.45	hpgpAsia
912	HpGP-TWN-016	142237	1.69	0.72	97.59	hpgpAsia	44787	4.3	0	95.7	hpgpAsia
913	HpGP-TWN-017	142237	0.36	0	99.64	hpgpAsia	44787	1.61	0	98.39	hpgpAsia
914	HpGP-TWN-018	142237	0.63	0	99.37	hpgpAsia	44787	0	0	100	hpgpAsia
915	HpGP-TWN-019	142237	0.65	0	99.35	hpgpAsia	44787	2.8	0	97.2	hpgpAsia
916	HpGP-TWN-020	142237	0.62	0	99.38	hpgpAsia	44787	0	0.7	99.3	hpgpAsia
917	HpGP-TWN-021	142237	1.43	0	98.57	hpgpAsia	44787	0	0.16	99.84	hpgpAsia
918	HpGP-TWN-022	142237	0.75	0	99.25	hpgpAsia	44787	0.6	0	99.4	hpgpAsia
919	HpGP-TWN-023	142237	0.7	0	99.3	hpgpAsia	44787	0.47	0	99.53	hpgpAsia
920	HpGP-TWN-024	142237	0.41	0	99.59	hpgpAsia	44787	0.55	0	99.45	hpgpAsia
921	HpGP-TWN-026	142237	0.65	0	99.35	hpgpAsia	44787	0.04	0	99.96	hpgpAsia
922	HpGP-TWN-027	142237	1.18	0	98.82	hpgpAsia	44787	0.85	0	99.15	hpgpAsia
923	HpGP-TWN-028	142237	0.65	0	99.35	hpgpAsia	44787	0	0	100	hpgpAsia
924	HpGP-TWN-029	142237	0.09	0	99.91	hpgpAsia	44787	0.46	0	99.54	hpgpAsia
925	HpGP-TWN-030	142237	0.12	1.7	98.19	hpgpAsia	44787	0	2.34	97.66	hpgpAsia
926	HpGP-USA-001	142237	23.76	76.24	0	hpgpMediterranea	44787	28.14	71.86	0	hpgpMediterranea
927	HpGP-USA-002	142237	28.08	71.92	0	hpgpEuroamerica	44787	28	72	0	hpgpEuroamerica
928	HpGP-USA-003	142237	72.63	25.13	2.24	hpgpAfroamerica	44787	73.31	22.88	3.81	hpgpAfroamerica
929	HpGP-USA-004	142237	28.94	68.23	2.83	hpgpEuroamerica	44787	29.05	70.95	0	hpgpEuroamerica
930	HpGP-USA-005	142237	14.9	85.1	0	hpgpMediterranea	44787	18.94	81.06	0	hpgpMediterranea
931	HpGP-USA-008	142237	31.26	68.74	0	hpgpEuroamerica	44787	30.91	69.09	0	hpgpEuroamerica
932	HpGP-USA-009	142237	3.32	96.68	0	hpgpEurope	44787	5.32	94.68	0	hpgpEurope
933	HpGP-USA-011	142237	0	0	100	hpgpAsia	44787	0.61	0	99.39	hpgpAsia
934	HpGP-USA-101	142237	1.05	96.04	2.91	hpgpEurope	44787	0	93.8	6.2	hpgpEurope
935	HpGP-USA-102	142237	86.42	13.58	0	hpgpAfrica	44787	93.36	4.35	2.28	hpgpAfrica
936	HpGP-USA-104	142237	90.8	9.2	0	hpgpAfrica	44787	97.33	0	2.67	hpgpAfrica
937	HpGP-USA-105	142237	84.1	15.9	0	hpgpAfroamerica	44787	83.63	12.97	3.4	hpgpAfroamerica
938	HpGP-USA-106	142237	2.19	97.81	0	hpgpEurope	44787	5.29	94.71	0	hpgpEurope
939	HpGP-USA-115	142237	10.03	89.97	0	hpgpMediterranea	44787	13.97	86.03	0	hpgpMediterranea
940	HpGP-USA-116	142237	7.3	92.7	0	hpgpEurope	44787	10.06	89.94	0	hpgpEurope
941	HpGP-USA-119	142237	14.26	85.74	0	hpgpMediterranea	44787	15	85	0	hpgpEurope
942	HpGP-USA-120	142237	3.73	96.27	0	hpgpEurope	44787	5.81	94.19	0	hpgpEurope
943	HpGP-USA-123	142237	3.96	93.2	2.85	hpgpEurope	44787	3.25	93.32	3.43	hpgpEurope
944	HpGP-USA-201	142237	23.11	76.89	0	hpgpMediterranea	44787	24.34	75.66	0	hpgpMediterranea
945	HpGP-USA-202	142237	99.82	0.18	0	hpgpAfrica	44787	97.38	0	2.62	hpgpAfrica
946	HpGP-USA-203	142237	40.52	58.96	0.52	hpgpEuroamerica	44787	40.01	59.99	0	hpgpEuroamerica
947	HpGP-USA-204	142237	30.19	69.81	0	hpgpEuroamerica	44787	30.38	69.62	0	hpgpEuroamerica
948	HpGP-USA-205	142237	0.67	20.4	78.93	hpgpAsia	44787	3.04	13.46	83.49	hpgpAsia
949	HpGP-USA-206	142237	70.86	29.14	0	hpgpAfroamerica	44787	71.34	28.12	0.54	hpgpAfroamerica
950	HpGP-USA-207	142237	18.25	81.75	0	hpgpMediterranea	44787	20.08	79.92	0	hpgpMediterranea
951	HpGP-USA-208	142237	18.87	81.13	0	hpgpMediterranea	44787	21.08	78.92	0	hpgpMediterranea
952	HpGP-USA-301	142237	97.8	2.2	0	hpgpAfrica	44787	96.51	0	3.49	hpgpAfrica
953	HpGP-USA-302	142237	36.12	63.88	0	hpgpEuroamerica	44787	41.5	58.5	0	hpgpEuroamerica
954	HpGP-USA-303	142237	100	0	0	hpgpAfrica	44787	98.01	0	1.99	hpgpAfrica
955	HpGP-USA-304	142237	100	0	0	hpgpAfrica	44787	97.78	0	2.22	hpgpAfrica
956	HpGP-USA-305	142237	85.99	14.01	0	hpgpAfrica	44787	92.86	6.26	0.88	hpgpAfrica
957	HpGP-USA-306	142237	83.19	16.81	0	hpgpAfroamerica	44787	85.15	12.69	2.16	hpgpAfroamerica
958	HpGP-USA-311	142237	80.07	19.93	0	hpgpAfroamerica	44787	80.81	16.71	2.48	hpgpAfroamerica
959	HpGP-USA-401	142237	5.42	94.58	0	hpgpEurope	44787	9.71	90.29	0	hpgpEurope
960	HpGP-USA-402	142237	7.56	92.44	0	hpgpEurope	44787	9.03	90.97	0	hpgpEurope
961	HpGP-USA-403	142237	99.29	0.68	0.03	hpgpAfrica	44787	98.22	0.24	1.54	hpgpAfrica
962	HpGP-USA-404	142237	5.42	94.58	0	hpgpEurope	44787	9.65	90.35	0	hpgpEurope
963	HpGP-USA-405	142237	3.79	96.21	0	hpgpEurope	44787	5.81	94.19	0	hpgpEurope
964	HpGP-USA-406	142237	95.47	4.53	0	hpgpAfrica	44787	96.72	0	3.28	hpgpAfrica
965	HpGP-USA-407	142237	6.72	93.28	0	hpgpEurope	44787	9.83	90.17	0	hpgpEurope
966	HpGP-USA-408	142237	81.77	17.7	0.53	hpgpAfroamerica	44787	81.9	13.84	4.26	hpgpAfroamerica
967	HpGP-USA-409	142237	79.02	20.74	0.24	hpgpAfroamerica	44787	80.51	14.93	4.56	hpgpAfroamerica
968	HpGP-USA-410	142237	3.67	96.33	0	hpgpEurope	44787	4.48	95.52	0	hpgpEurope
969	HpGP-USA-411	142237	83.96	13.77	2.27	hpgpAfroamerica	44787	79.02	18.66	2.32	hpgpAfroamerica
970	HpGP-USA-412	142237	82.56	17.32	0.12	hpgpAfroamerica	44787	84.22	12.05	3.72	hpgpAfroamerica
971	HpGP-USA-413	142237	74.01	25.08	0.91	hpgpAfroamerica	44787	73.89	21.7	4.42	hpgpAfroamerica
972	HpGP-USA-414	142237	13.02	86.98	0	hpgpMediterranea	44787	15.06	84.94	0	hpgpMediterranea
973	HpGP-USA-415	142237	93.06	6.94	0	hpgpAfrica	44787	97.41	0	2.59	hpgpAfrica
974	HpGP-USA-416	142237	100	0	0	hpgpAfrica	44787	98.66	0	1.34	hpgpAfrica
975	HpGP-USA-417	142237	100	0	0	hpgpAfrica	44787	97.15	0	2.85	hpgpAfrica
976	HpGP-USA-418	142237	98.36	1.64	0	hpgpAfrica	44787	96.84	0	3.16	hpgpAfrica
977	HpGP-USA-419	142237	100	0	0	hpgpAfrica	44787	97.5	0	2.5	hpgpAfrica
978	HpGP-USA-420	142237	93.21	6.79	0	hpgpAfrica	44787	99.48	0.3	0.22	hpgpAfrica
979	HpGP-USA-421	142237	94.52	5.48	0	hpgpAfrica	44787	95.45	0	4.55	hpgpAfrica
980	HpGP-USA-422	142237	1.86	63.69	34.44	hpgpEurasia	44787	0	76.95	23.05	hpgpEurasia
981	HpGP-USA-423	142237	22.68	77.32	0	hpgpMediterranea	44787	24.42	75.58	0	hpgpMediterranea
982	HpGP-USA-424	142237	86.46	13.54	0	hpgpAfrica	44787	91.8	3.87	4.32	hpgpAfrica
983	HpGP-USA-425	142237	0.75	0	99.25	hpgpAsia	44787	0.19	0	99.81	hpgpAsia
984	HpGP-USA-427	142237	100	0	0	hpgpAfrica	44787	99.83	0	0.17	hpgpAfrica
985	HpGP-USA-428	142237	92.88	7.12	0	hpgpAfrica	44787	96.27	0	3.73	hpgpAfrica
986	HpGP-USA-429	142237	100	0	0	hpgpAfrica	44787	95.91	0	4.09	hpgpAfrica
987	HpGP-USA-431	142237	6.73	93.27	0	hpgpEurope	44787	8.96	91.04	0	hpgpEurope
988	HpGP-USA-432	142237	97.81	2.19	0	hpgpAfrica	44787	95.97	0	4.03	hpgpAfrica
989	HpGP-USA-433	142237	98.44	1.56	0	hpgpAfrica	44787	97.06	0	2.94	hpgpAfrica
990	HpGP-USA-434	142237	93.91	6.09	0	hpgpAfrica	44787	97.76	0	2.24	hpgpAfrica
991	HpGP-USA-435	142237	97.8	1.15	1.05	hpgpAfrica	44787	87.89	12.11	0	hpgpAfrica
992	HpGP-USA-436	142237	5.7	94.3	0	hpgpEurope	44787	6.69	93.31	0	hpgpEurope
993	HpGP-USA-437	142237	90.44	9.56	0	hpgpAfrica	44787	96.87	2.13	1	hpgpAfrica
994	HpGP-VNM-001	142237	0.71	5.21	94.09	hpgpAsia	44787	0	8.68	91.32	hpgpAsia
995	HpGP-VNM-002	142237	0.92	8.09	90.98	hpgpAsia	44787	0.87	8.29	90.84	hpgpAsia
996	HpGP-VNM-003	142237	0.82	11.62	87.56	hpgpAsia	44787	0.93	11.45	87.62	hpgpAsia
997	HpGP-VNM-004	142237	0.94	3.91	95.15	hpgpAsia	44787	0.77	5.29	93.94	hpgpAsia
998	HpGP-VNM-005	142237	1.14	3.51	95.34	hpgpAsia	44787	0	6.34	93.66	hpgpAsia
999	HpGP-VNM-006	142237	1.55	4.4	94.05	hpgpAsia	44787	0	9.49	90.51	hpgpAsia
1000	HpGP-VNM-007	142237	1.42	4.33	94.25	hpgpAsia	44787	0.74	6.24	93.02	hpgpAsia
1001	HpGP-VNM-008	142237	0.93	8.07	91	hpgpAsia	44787	0.78	9.24	89.98	hpgpAsia
1002	HpGP-VNM-009	142237	0.94	7.21	91.85	hpgpAsia	44787	0.49	9.25	90.25	hpgpAsia
1003	HpGP-ZAF-001	142237	68.6	0	31.4	hpgpAfrica-distant	44787	0	100	0	hpgpAfrica-distant
1004	HpGP-ZAF-002	142237	88.93	8.41	2.65	hpgpAfrica	44787	87.61	12.05	0.35	hpgpAfrica
1005	HpGP-ZAF-004	142237	90.96	8.33	0.72	hpgpAfrica	44787	94.36	2.92	2.72	hpgpAfrica
1006	HpGP-ZAF-006	142237	68.64	0	31.36	hpgpAfrica-distant	44787	0	100	0	hpgpAfrica-distant
1007	HpGP-ZAF-007	142237	68.75	0	31.25	hpgpAfrica-distant	44787	0	100	0	hpgpAfrica-distant
1008	HpGP-ZAF-008	142237	35.78	62.45	1.77	hpgpEuroamerica	44787	12.99	87.01	0	hpgpEuroamerica
1009	HpGP-ZAF-009	142237	68.58	0	31.42	hpgpAfrica-distant	44787	0	100	0	hpgpAfrica-distant
1010	HpGP-ZAF-010	142237	85.71	7.4	6.89	hpgpAfrica	44787	68.99	31.01	0	hpgpAfrica
1011	HpGP-ZAF-011	142237	94.23	5.77	0	hpgpAfrica	44787	98.19	0	1.81	hpgpAfrica
