"","sample_id","GrafGen","fastBAPS_c5","fastBAPS_c7","fastBAPS_c8","fastBAPS_c13","FS","FSsub","DAPC6","PopPUNK"
"1","HpGP-ALG-001","hpgpMediterranea","2","2","2","2","1","hspSWEurope","1","2424"
"2","HpGP-ALG-002","hpgpEuroamerica","2","2","2","2","1","hspSWEurope","1","2423"
"3","HpGP-ALG-003","hpgpEuroamerica","2","2","2","2","1","hspSWEurope","1","2422"
"4","HpGP-ALG-004","hpgpMediterranea","2","2","2","2","1","hspSWEurope","1","2421"
"5","HpGP-ALG-005","hpgpMediterranea","2","2","2","2","1","hspSWEurope","1","2420"
"6","HpGP-ALG-006","hpgpMediterranea","2","2","2","2","1","hspSWEurope","1","2419"
"7","HpGP-ALG-007","hpgpMediterranea","2","2","2","2","1","hspSWEurope","1","2418"
"8","HpGP-ALG-008","hpgpMediterranea","2","2","2","2","1","hspSWEurope","1","2417"
"9","HpGP-ALG-009","hpgpMediterranea","2","2","2","2","1","hspSWEurope","1","2416"
"10","HpGP-ALG-010","hpgpMediterranea","2","2","2","2","1","hspSWEurope","1","2415"
"11","HpGP-ARG-001","hpgpMediterranea","2","2","2","2","1","hspSWEurope","1","2414"
"12","HpGP-ARG-002","hpgpEuroamerica","2","2","2","2","1","hspSWEurope","1","2413"
"13","HpGP-ARG-003","hpgpMediterranea","2","2","2","2","1","hspSWEurope","1","2412"
"14","HpGP-ARG-004","hpgpMediterranea","2","2","2","2","1","hspSWEurope","1","2411"
"15","HpGP-ARG-005","hpgpMediterranea","2","2","2","2","1","hspSWEurope","1","2410"
"16","HpGP-ARG-006","hpgpAfroamerica","3","3","3","3","3","hspAfrica1SAfrica","2","2409"
"17","HpGP-ARG-007","hpgpMediterranea","2","2","2","2","1","hspSWEurope","1","2408"
"18","HpGP-ARG-008","hpgpAsia","4","5","6","11","4","hspEAsia","5","2407"
"19","HpGP-ARG-009","hpgpAsia","4","5","6","11","4","hspEAsia","5","2406"
"20","HpGP-ARG-010","hpgpAsia","4","5","6","11","4","hspEAsia","5","2405"
"21","HpGP-BGD-001","hpgpEurasia","5","6","7","12","4","HpAsia2","3","2404"
"22","HpGP-BGD-002","hpgpEurasia","5","6","7","12","4","HpAsia2","3","2403"
"23","HpGP-BGD-003","hpgpEurasia","5","6","7","12","4","HpAsia2","3","2402"
"24","HpGP-BGD-004","hpgpEurope","5","7","8","13","2","hspEurasia","3","2401"
"25","HpGP-BGD-005","hpgpEurope","5","7","8","13","2","hspEurasia","1","359"
"26","HpGP-BGD-006","hpgpEurope","5","7","8","13","2","hspEurasia","3","2400"
"27","HpGP-BGD-007","hpgpEurope","5","7","8","13","2","hspEurasia","1","2399"
"28","HpGP-BGD-008","hpgpEurasia","5","6","7","12","4","HpAsia2","3","2398"
"29","HpGP-BGD-009","hpgpEurope","5","7","8","13","2","hspEurasia","3","2397"
"30","HpGP-BGD-010","hpgpEurope","5","7","8","13","2","hspEurasia","3","2396"
"31","HpGP-BGR-001","hpgpEurope","5","7","8","13","2","hspEurasia","1","2395"
"32","HpGP-BGR-003","hpgpEurope","5","7","8","13","2","hspEurasia","3","2394"
"33","HpGP-BGR-004","hpgpEurope","5","7","8","13","2","hspEurasia","1","2393"
"34","HpGP-BGR-005","hpgpEurope","5","7","8","13","2","hspEurasia","3","2392"
"35","HpGP-BGR-006","hpgpEurope","5","7","8","13","2","hspEurasia","3","2391"
"36","HpGP-BGR-007","hpgpEurope","5","7","8","13","2","hspEurasia","3","2390"
"37","HpGP-BGR-008","hpgpEurope","5","7","8","13","2","hspEurasia","3","2389"
"38","HpGP-BGR-010","hpgpEurope","5","7","8","13","2","hspEurasia","3","2388"
"39","HpGP-BRA-001","hpgpAfrica","3","3","3","3","3","hspAfrica1NAmerica","2","2387"
"40","HpGP-BRA-002","hpgpAfrica","3","3","3","3","3","hspAfrica1NAmerica","2","2386"
"41","HpGP-BRA-003","hpgpMediterranea","2","2","2","2","1","hspSWEurope","1","2385"
"42","HpGP-BRA-004","hpgpEurope","5","7","8","13","2","hspEurasia","1","2384"
"43","HpGP-BRA-005","hpgpAfrica","3","3","3","3","3","hspAfrica1SAfrica","2","2383"
"44","HpGP-BRA-006","hpgpMediterranea","2","2","2","2","1","hspSWEurope","1","2382"
"45","HpGP-BRA-007","hpgpAfrica","3","3","3","3","3","hspAfrica1SAfrica","2","2381"
"46","HpGP-BRA-008","hpgpEuroamerica","2","2","2","2","1","hspSWEuropeLatinAmerica","1","2380"
"47","HpGP-BRA-009","hpgpMediterranea","2","2","2","2","1","hspSWEurope","1","2379"
"48","HpGP-BRA-010","hpgpAfrica","3","3","3","3","3","hspAfrica1SAfrica","2","2378"
"49","HpGP-BRA-012","hpgpAsia","4","5","6","11","4","hspEAsia","5","2377"
"50","HpGP-BRA-013","hpgpAfrica","3","3","3","3","3","hspAfrica1SAfrica","2","2376"
"51","HpGP-BRA-014","hpgpAfroamerica","3","3","3","3","3","hspAfrica1NAmerica","2","2375"
"52","HpGP-BRA-015","hpgpEurope","5","7","8","13","2","hspEurasia","3","2374"
"53","HpGP-BRA-017","hpgpMediterranea","2","2","2","2","1","hspSWEurope","1","2373"
"54","HpGP-BRA-018","hpgpAfrica","3","3","3","3","3","hspAfrica1NAmerica","2","2372"
"55","HpGP-BRA-019","hpgpAfrica","3","3","3","3","3","hspAfrica1NAmerica","2","2371"
"56","HpGP-BRA-020","hpgpAfrica","3","3","3","3","3","hspAfrica1SAfrica","2","2370"
"57","HpGP-BRA-022","hpgpAfrica","3","3","3","3","3","hspAfrica1SAfrica","2","2369"
"58","HpGP-BRA-023","hpgpAfroamerica","3","3","3","3","3","hspAfrica1SAfrica","2","2368"
"59","HpGP-BRA-025","hpgpEuroamerica","2","2","2","2","1","hspSWEurope","1","2367"
"60","HpGP-CAN-001","hpgpAsia","4","5","6","11","4","hspIndigenousAmerica","5","2366"
"61","HpGP-CAN-002","hpgpAfroamerica","3","3","3","3","3","hspAfrica1MiscAmerica","2","1558"
"62","HpGP-CAN-004","hpgpAfroamerica","3","3","3","3","3","hspAfrica1MiscAmerica","2","1558"
"63","HpGP-CAN-006","hpgpAklavik86-like","4","4","5","5","4","hspIndigenousAmerica","5","1557"
"64","HpGP-CAN-007","hpgpAklavik86-like","4","4","5","7","4","hspIndigenousAmerica","5","290"
"65","HpGP-CAN-008","hpgpEurasia","5","7","8","13","2","hspNEurope","3","1556"
"66","HpGP-CAN-010","hpgpAklavik86-like","4","4","5","6","4","hspIndigenousAmerica","5","1161"
"67","HpGP-CAN-011","hpgpAklavik86-like","4","4","5","5","4","hspIndigenousAmerica","5","1557"
"68","HpGP-CAN-012","hpgpAfroamerica","3","3","3","3","3","hspAfrica1NAmerica","2","2365"
"69","HpGP-CAN-014","hpgpEurasia","5","7","8","13","2","hspNEurope","3","1556"
"70","HpGP-CAN-015","hpgpAklavik86-like","4","4","5","6","4","hspIndigenousAmerica","5","1161"
"71","HpGP-CAN-016","hpgpAklavik86-like","4","4","5","8","4","hspIndigenousAmerica","5","2364"
"72","HpGP-CAN-017","hpgpEurasia","5","7","8","13","2","hspNEurope","3","2363"
"73","HpGP-CAN-018","hpgpAklavik86-like","4","4","5","9","4","hspIndigenousAmerica","5","2362"
"74","HpGP-CAN-019","hpgpAklavik86-like","4","4","5","10","4","hspIndigenousAmerica","5","2361"
"75","HpGP-CAN-020","hpgpAsia","4","5","6","11","4","hspIndigenousAmerica","5","2360"
"76","HpGP-CAN-022","hpgpEurasia","5","7","8","13","2","hspNEurope","3","1540"
"77","HpGP-CAN-023","hpgpAsia","4","5","6","11","4","hspIndigenousAmerica","5","2359"
"78","HpGP-CAN-025","hpgpEurasia","5","7","8","13","2","hspNEurope","3","1540"
"79","HpGP-CAN-026","hpgpEurasia","5","7","8","13","2","hspNEurope","3","1540"
"80","HpGP-CHI-001","hpgpMediterranea","2","2","2","2","1","hspSWEuropeChile","1","2358"
"81","HpGP-CHI-002","hpgpMediterranea","2","2","2","2","1","hspSWEuropeChile","1","2357"
"82","HpGP-CHI-004","hpgpEuroamerica","2","2","2","2","1","hspSWEuropeChile","1","2356"
"83","HpGP-CHI-005","hpgpEuroamerica","2","2","2","2","1","hspSWEuropeChile","1","2355"
"84","HpGP-CHI-006","hpgpMediterranea","2","2","2","2","1","hspSWEuropeChile","1","2354"
"85","HpGP-CHI-007","hpgpMediterranea","2","2","2","2","1","hspSWEuropeChile","1","2353"
"86","HpGP-CHI-008","hpgpMediterranea","2","2","2","2","1","hspSWEuropeChile","1","2352"
"87","HpGP-CHI-010","hpgpMediterranea","2","2","2","2","1","hspSWEuropeChile","1","2351"
"88","HpGP-CHI-011","hpgpEuroamerica","2","2","2","2","1","hspSWEuropeChile","1","2350"
"89","HpGP-CHI-014","hpgpMediterranea","2","2","2","2","1","hspSWEuropeChile","1","2349"
"90","HpGP-CHI-016","hpgpMediterranea","2","2","2","2","1","hspSWEuropeChile","1","2348"
"91","HpGP-CHI-017","hpgpMediterranea","2","2","2","2","1","hspSWEuropeChile","1","2347"
"92","HpGP-CHI-018","hpgpEuroamerica","2","2","2","2","1","hspSWEuropeChile","1","2346"
"93","HpGP-CHI-021","hpgpEuroamerica","2","2","2","2","1","hspSWEuropeChile","1","2345"
"94","HpGP-CHI-022","hpgpAfroamerica","2","2","2","2","1","hspSWEuropeChile","1","2344"
"95","HpGP-CHI-023","hpgpEuroamerica","2","2","2","2","1","hspSWEuropeChile","1","2343"
"96","HpGP-CHI-024","hpgpEuroamerica","2","2","2","2","1","hspSWEuropeChile","1","2342"
"97","HpGP-CHI-026","hpgpEuroamerica","2","2","2","2","1","hspSWEuropeChile","1","2341"
"98","HpGP-CHI-027","hpgpEuroamerica","2","2","2","2","1","hspSWEuropeChile","1","2340"
"99","HpGP-CHI-028","hpgpEuroamerica","2","2","2","2","1","hspSWEuropeChile","1","2339"
"100","HpGP-CHI-101","hpgpMediterranea","2","2","2","2","1","hspSWEuropeChile","1","1555"
"101","HpGP-CHI-102","hpgpMediterranea","2","2","2","2","1","hspSWEuropeChile","1","2338"
"102","HpGP-CHI-103","hpgpMediterranea","2","2","2","2","1","hspSWEuropeChile","1","1539"
"103","HpGP-CHI-104","hpgpMediterranea","2","2","2","2","1","hspSWEuropeChile","1","2337"
"104","HpGP-CHI-105","hpgpAklavik86-like","4","4","4","4","4","hspIndigenousAmerica","5","2336"
"105","HpGP-CHI-106","hpgpMediterranea","2","2","2","2","1","hspSWEuropeChile","1","2335"
"106","HpGP-CHI-107","hpgpMediterranea","2","2","2","2","1","hspSWEuropeChile","1","1539"
"107","HpGP-CHI-110","hpgpMediterranea","2","2","2","2","1","hspSWEuropeChile","1","2334"
"108","HpGP-CHI-113","hpgpMediterranea","2","2","2","2","1","hspSWEuropeChile","1","2333"
"109","HpGP-CHI-114","hpgpMediterranea","2","2","2","2","1","hspSWEuropeChile","1","2332"
"110","HpGP-CHI-116","hpgpAklavik86-like","4","4","4","4","4","hspIndigenousAmerica","5","2331"
"111","HpGP-CHI-117","hpgpMediterranea","2","2","2","2","1","hspSWEuropeChile","1","2330"
"112","HpGP-CHI-119","hpgpEuroamerica","2","2","2","2","1","hspSWEuropeChile","1","2329"
"113","HpGP-CHI-120","hpgpAfroamerica","3","3","3","3","1","hspSWEuropeChile","2","2328"
"114","HpGP-CHI-122","hpgpEuroamerica","2","2","2","2","1","hspSWEuropeChile","1","2327"
"115","HpGP-CHI-123","hpgpEuroamerica","2","2","2","2","1","hspSWEuropeChile","1","2326"
"116","HpGP-CHI-124","hpgpAfroamerica","2","2","2","2","1","hspSWEuropeChile","1","2325"
"117","HpGP-CHI-125","hpgpEuroamerica","2","2","2","2","1","hspSWEuropeChile","1","2324"
"118","HpGP-CHI-126","hpgpMediterranea","2","2","2","2","1","hspSWEuropeChile","1","1555"
"119","HpGP-CHI-127","hpgpEuroamerica","2","2","2","2","1","hspSWEuropeChile","1","2323"
"120","HpGP-CHI-204","hpgpMediterranea","2","2","2","2","1","hspSWEuropeChile","1","2322"
"121","HpGP-CHI-207","hpgpEuroamerica","2","2","2","2","1","hspSWEuropeChile","1","2321"
"122","HpGP-CHI-208","hpgpAsia","4","5","6","11","4","hspEAsia","5","2320"
"123","HpGP-CHI-209","hpgpEuroamerica","2","2","2","2","1","hspSWEuropeChile","1","2319"
"124","HpGP-CHI-210","hpgpMediterranea","2","2","2","2","1","hspSWEuropeChile","1","1539"
"125","HpGP-CHI-212","hpgpEuroamerica","2","2","2","2","1","hspSWEuropeLatinAmerica","1","2318"
"126","HpGP-CHN-001","hpgpAsia","4","5","6","11","4","hspEAsia","5","2317"
"127","HpGP-CHN-002","hpgpAsia","4","5","6","11","4","hspEAsia","5","2316"
"128","HpGP-CHN-003","hpgpAsia","4","5","6","11","4","hspEAsia","5","2315"
"129","HpGP-CHN-004","hpgpAsia","4","5","6","11","4","hspEAsia","5","2314"
"130","HpGP-CHN-005","hpgpAsia","4","5","6","11","4","hspEAsia","5","2313"
"131","HpGP-CHN-006","hpgpAsia","4","5","6","11","4","hspEAsia","5","2312"
"132","HpGP-CHN-007","hpgpAsia","4","5","6","11","4","hspEAsia","5","2311"
"133","HpGP-CHN-008","hpgpAsia","4","5","6","11","4","hspEAsia","5","2310"
"134","HpGP-CHN-009","hpgpAsia","4","5","6","11","4","hspEAsia","5","2309"
"135","HpGP-CHN-010","hpgpAsia","4","5","6","11","4","hspEAsia","5","2308"
"136","HpGP-COG-001","hpgpAfrica","3","3","3","3","3","hspAfrica1SAfrica","2","2307"
"137","HpGP-COG-002","hpgpMediterranea","2","2","2","2","1","hspSWEurope","1","2306"
"138","HpGP-COG-003","hpgpAfrica","3","3","3","3","3","hspAfrica1SAfrica","2","2305"
"139","HpGP-COG-004","hpgpAfrica","3","3","3","3","3","hspAfrica1SAfrica","2","2304"
"140","HpGP-COG-005","hpgpAfrica","3","3","3","3","3","hspAfrica1SAfrica","2","2303"
"141","HpGP-COG-006","hpgpAfrica","3","3","3","3","3","hspAfrica1SAfrica","2","2302"
"142","HpGP-COG-007","hpgpAfrica","3","3","3","3","3","hspAfrica1SAfrica","2","2301"
"143","HpGP-COG-008","hpgpAfrica","3","3","3","3","3","hspAfrica1SAfrica","2","2300"
"144","HpGP-COG-009","hpgpAfrica","3","3","3","3","3","hspAfrica1SAfrica","2","2299"
"145","HpGP-COG-010","hpgpAfrica","3","3","3","3","3","hspAfrica1SAfrica","2","2298"
"146","HpGP-COG-011","hpgpAfrica","3","3","3","3","3","hspAfrica1SAfrica","2","2297"
"147","HpGP-COL-002","hpgpMediterranea","2","2","2","2","1","hspSWEurope","1","2296"
"148","HpGP-COL-003","hpgpAfroamerica","3","3","3","3","3","hspAfrica1MiscAmerica","2","2295"
"149","HpGP-COL-004","hpgpMediterranea","2","2","2","2","1","hspSWEurope","1","2294"
"150","HpGP-COL-005","hpgpMediterranea","2","2","2","2","1","hspSWEuropeLatinAmerica","1","2293"
"151","HpGP-COL-006","hpgpAfroamerica","3","3","3","3","3","hspAfrica1MiscAmerica","2","192"
"152","HpGP-COL-008","hpgpEuroamerica","2","2","2","2","1","hspSWEuropeLatinAmerica","1","2292"
"153","HpGP-COL-010","hpgpMediterranea","2","2","2","2","1","hspSWEurope","1","1077"
"154","HpGP-COL-102","hpgpAfroamerica","3","3","3","3","3","hspAfrica1MiscAmerica","2","1073"
"155","HpGP-COL-103","hpgpEuroamerica","2","2","2","2","1","hspSWEuropeLatinAmerica","1","2291"
"156","HpGP-COL-104","hpgpEuroamerica","2","2","2","2","1","hspSWEuropeLatinAmerica","1","1066"
"157","HpGP-COL-105","hpgpMediterranea","2","2","2","2","1","hspSWEuropeLatinAmerica","1","175"
"158","HpGP-COL-106","hpgpMediterranea","2","2","2","2","1","hspSWEuropeLatinAmerica","1","2290"
"159","HpGP-COL-107","hpgpEuroamerica","2","2","2","2","1","hspSWEuropeLatinAmerica","1","1067"
"160","HpGP-COL-108","hpgpAfroamerica","3","3","3","3","3","hspAfrica1MiscAmerica","2","168"
"161","HpGP-COL-109","hpgpAfroamerica","3","3","3","3","3","hspAfrica1MiscAmerica","2","185"
"162","HpGP-COL-110","hpgpEuroamerica","2","2","2","2","1","hspSWEuropeLatinAmerica","1","186"
"163","HpGP-COL-112","hpgpEuroamerica","2","2","2","2","1","hspSWEuropeLatinAmerica","1","196"
"164","HpGP-COL-113","hpgpEuroamerica","2","2","2","2","1","hspSWEuropeLatinAmerica","1","194"
"165","HpGP-COL-114","hpgpEuroamerica","2","2","2","2","1","hspSWEuropeLatinAmerica","1","195"
"166","HpGP-COL-118","hpgpEuroamerica","2","2","2","2","1","hspSWEuropeLatinAmerica","1","171"
"167","HpGP-COL-119","hpgpEuroamerica","2","2","2","2","1","hspSWEuropeLatinAmerica","1","161"
"168","HpGP-COL-120","hpgpEuroamerica","2","2","2","2","1","hspSWEuropeLatinAmerica","1","1010"
"169","HpGP-COL-121","hpgpEuroamerica","2","2","2","2","1","hspSWEuropeLatinAmerica","1","1009"
"170","HpGP-COL-122","hpgpEuroamerica","2","2","2","2","1","hspSWEuropeLatinAmerica","1","183"
"171","HpGP-COL-201","hpgpMediterranea","2","2","2","2","1","hspSWEuropeLatinAmerica","1","1554"
"172","HpGP-COL-202","hpgpMediterranea","2","2","2","2","1","hspSWEuropeLatinAmerica","1","1554"
"173","HpGP-COL-203","hpgpMediterranea","2","2","2","2","1","hspSWEuropeLatinAmerica","1","2289"
"174","HpGP-COL-204","hpgpEuroamerica","2","2","2","2","1","hspSWEuropeLatinAmerica","1","2288"
"175","HpGP-COL-205","hpgpAfrica","3","3","3","3","3","hspAfrica1NAmerica","2","309"
"176","HpGP-COL-206","hpgpEuroamerica","2","2","2","2","3","hspAfrica1MiscAmerica","1","2287"
"177","HpGP-COL-207","hpgpAfroamerica","3","3","3","3","3","hspAfrica1NAmerica","2","1191"
"178","HpGP-COL-208","hpgpAfrica","3","3","3","3","3","hspAfrica1NAmerica","2","1006"
"179","HpGP-COL-209","hpgpMediterranea","2","2","2","2","1","hspSWEuropeChile","1","2286"
"180","HpGP-COL-210","hpgpEuroamerica","2","2","2","2","1","hspSWEuropeLatinAmerica","1","2285"
"181","HpGP-COL-211","hpgpEuroamerica","2","2","2","2","1","hspSWEuropeLatinAmerica","1","1192"
"182","HpGP-COL-301","hpgpEuroamerica","2","2","2","2","1","hspSWEuropeLatinAmerica","1","2284"
"183","HpGP-COL-302","hpgpEuroamerica","2","2","2","2","1","hspSWEuropeLatinAmerica","1","2283"
"184","HpGP-COL-303","hpgpEuroamerica","2","2","2","2","1","hspSWEuropeLatinAmerica","1","2282"
"185","HpGP-COL-305","hpgpMediterranea","2","2","2","2","1","hspSWEurope","1","2281"
"186","HpGP-COL-306","hpgpAfroamerica","3","3","3","3","3","hspAfrica1NAmerica","2","2280"
"187","HpGP-COL-307","hpgpEuroamerica","2","2","2","2","1","hspSWEuropeLatinAmerica","1","2279"
"188","HpGP-COL-308","hpgpEuroamerica","2","2","2","2","1","hspSWEuropeLatinAmerica","1","2278"
"189","HpGP-COL-309","hpgpEuroamerica","2","2","2","2","1","hspSWEuropeLatinAmerica","1","2277"
"190","HpGP-COL-310","hpgpMediterranea","2","2","2","2","1","hspSWEurope","1","2276"
"191","HpGP-COL-318","hpgpAfroamerica","2","2","2","2","3","hspAfrica1SAfrica","1","2275"
"192","HpGP-CRI-001","hpgpEuroamerica","2","2","2","2","1","hspSWEuropeLatinAmerica","1","2274"
"193","HpGP-CRI-002","hpgpEuroamerica","2","2","2","2","1","hspSWEuropeLatinAmerica","1","2273"
"194","HpGP-CRI-003","hpgpEuroamerica","2","2","2","2","1","hspSWEuropeLatinAmerica","1","2272"
"195","HpGP-CRI-004","hpgpAfroamerica","3","3","3","3","3","hspAfrica1NAmerica","2","2271"
"196","HpGP-CRI-005","hpgpEuroamerica","2","2","2","2","1","hspSWEuropeLatinAmerica","1","2270"
"197","HpGP-CRI-006","hpgpEuroamerica","2","2","2","2","1","hspSWEuropeLatinAmerica","1","2269"
"198","HpGP-CRI-007","hpgpAfroamerica","3","3","3","3","3","hspAfrica1NAmerica","2","2268"
"199","HpGP-CRI-008","hpgpEuroamerica","2","2","2","2","1","hspSWEuropeLatinAmerica","1","2267"
"200","HpGP-DOM-001","hpgpMediterranea","2","2","2","2","1","hspSWEurope","1","2266"
"201","HpGP-DOM-002","hpgpMediterranea","2","2","2","2","1","hspSWEurope","1","2265"
"202","HpGP-DOM-003","hpgpEuroamerica","2","2","2","2","1","hspSWEuropeLatinAmerica","1","2264"
"203","HpGP-DOM-004","hpgpAfrica","3","3","3","3","3","hspAfrica1NAmerica","2","2263"
"204","HpGP-DOM-005","hpgpEuroamerica","2","2","2","2","1","hspSWEuropeLatinAmerica","1","2262"
"205","HpGP-DOM-006","hpgpAfrica","3","3","3","3","3","hspAfrica1NAmerica","2","2261"
"206","HpGP-DOM-007","hpgpAfroamerica","3","3","3","3","3","hspAfrica1NAmerica","2","2260"
"207","HpGP-DOM-008","hpgpMediterranea","2","2","2","2","1","hspSWEurope","1","2259"
"208","HpGP-DOM-009","hpgpMediterranea","2","2","2","2","1","hspSWEurope","1","2258"
"209","HpGP-DOM-010","hpgpMediterranea","2","2","2","2","1","hspSWEurope","1","2257"
"210","HpGP-DOM-011","hpgpAfrica","3","3","3","3","3","hspAfrica1NAmerica","2","2256"
"211","HpGP-FRA-001","hpgpMediterranea","2","2","2","2","1","hspSWEurope","1","2255"
"212","HpGP-FRA-002","hpgpMediterranea","2","2","2","2","2","hspEurasia","1","2254"
"213","HpGP-FRA-003","hpgpMediterranea","2","2","2","2","2","hspEurasia","1","2253"
"214","HpGP-FRA-004","hpgpMediterranea","2","2","2","2","2","hspEurasia","1","2252"
"215","HpGP-FRA-005","hpgpMediterranea","2","2","2","2","1","hspSWEurope","1","2251"
"216","HpGP-FRA-006","hpgpEurope","5","7","8","13","2","hspEurasia","1","2250"
"217","HpGP-FRA-007","hpgpEurope","5","7","8","13","2","hspEurasia","3","2249"
"218","HpGP-FRA-008","hpgpEurope","5","7","8","13","2","hspEurasia","1","2248"
"219","HpGP-FRA-009","hpgpMediterranea","2","2","2","2","1","hspSWEurope","1","2247"
"220","HpGP-FRA-010","hpgpMediterranea","2","2","2","2","1","hspSWEurope","1","2246"
"221","HpGP-FRA-011","hpgpEurope","5","7","8","13","2","hspEurasia","3","782"
"222","HpGP-FRA-012","hpgpEurope","5","7","8","13","2","hspNEurope","3","781"
"223","HpGP-FRA-013","hpgpEurope","5","7","8","13","2","hspEurasia","3","126"
"224","HpGP-FRA-014","hpgpEurope","5","7","8","13","2","hspNEurope","3","781"
"225","HpGP-FRA-015","hpgpEurope","5","7","8","13","2","hspEurasia","3","126"
"226","HpGP-FRA-016","hpgpEurope","5","7","8","13","2","hspEurasia","3","198"
"227","HpGP-FRA-017","hpgpEuroamerica","2","2","2","2","1","hspSWEurope","1","772"
"228","HpGP-FRA-018","hpgpMediterranea","5","7","8","13","2","hspEurasia","1","2245"
"229","HpGP-FRA-019","hpgpEurope","2","2","2","2","2","hspEurasia","1","778"
"230","HpGP-FRA-020","hpgpMediterranea","2","2","2","2","1","hspSWEurope","1","776"
"231","HpGP-FRA-021","hpgpEurope","5","7","8","13","2","hspEurasia","1","765"
"232","HpGP-GER-001","hpgpEurope","5","7","8","13","2","hspEurasia","3","2244"
"233","HpGP-GER-002","hpgpEurope","5","7","8","13","2","hspEurasia","3","2243"
"234","HpGP-GER-003","hpgpEurope","2","2","2","2","1","hspSWEurope","1","2242"
"235","HpGP-GER-004","hpgpEurope","5","7","8","13","2","hspEurasia","3","2241"
"236","HpGP-GER-005","hpgpEurope","5","7","8","13","2","hspEurasia","3","2240"
"237","HpGP-GER-006","hpgpEurope","5","7","8","13","2","hspEurasia","3","2239"
"238","HpGP-GER-007","hpgpEurope","5","7","8","13","2","hspEurasia","3","2238"
"239","HpGP-GER-009","hpgpEurope","5","7","8","13","2","hspEurasia","3","2237"
"240","HpGP-GER-010","hpgpEurope","5","7","8","13","2","hspEurasia","3","2236"
"241","HpGP-GER-012","hpgpEurope","5","7","8","13","2","hspEurasia","3","2235"
"242","HpGP-GER-013","hpgpEurope","5","7","8","13","2","hspNEurope","3","2234"
"243","HpGP-GER-015","hpgpEurope","5","7","8","13","2","hspEurasia","3","2233"
"244","HpGP-GER-016","hpgpEurope","5","7","8","13","2","hspEurasia","3","2232"
"245","HpGP-GER-018","hpgpMediterranea","2","2","2","2","1","hspSWEurope","1","2231"
"246","HpGP-GER-019","hpgpEurope","5","7","8","13","2","hspEurasia","3","2230"
"247","HpGP-GER-020","hpgpEurope","5","7","8","13","2","hspEurasia","3","2229"
"248","HpGP-GER-021","hpgpEurope","5","7","8","13","2","hspEurasia","3","2228"
"249","HpGP-GHA-003","hpgpAfrica","3","3","3","3","3","hspAfrica1NAmerica","2","2227"
"250","HpGP-GHA-009","hpgpAfrica","3","3","3","3","3","hspAfrica1NAmerica","2","2226"
"251","HpGP-GMB-003","hpgpAfrica","3","3","3","3","3","hspAfrica1WAfrica","2","2225"
"252","HpGP-GMB-004","hpgpAfrica","3","3","3","3","3","hspAfrica1WAfrica","2","1205"
"253","HpGP-GMB-007","hpgpAfrica","3","3","3","3","3","hspAfrica1WAfrica","2","1211"
"254","HpGP-GMB-008","hpgpAfrica","3","3","3","3","3","hspAfrica1WAfrica","2","1208"
"255","HpGP-GMB-009","hpgpAfrica","3","3","3","3","3","hspAfrica1NAmerica","2","6"
"256","HpGP-GRE-001","hpgpEurope","5","7","8","13","2","hspEurasia","1","2224"
"257","HpGP-GRE-002","hpgpEurope","5","7","8","13","2","hspEurasia","3","2223"
"258","HpGP-GRE-003","hpgpEurope","5","7","8","13","2","hspEurasia","1","2222"
"259","HpGP-GRE-004","hpgpEurope","5","7","8","13","2","hspEurasia","1","2221"
"260","HpGP-GRE-005","hpgpEurope","5","7","8","13","2","hspEurasia","1","2220"
"261","HpGP-GRE-006","hpgpEurope","5","7","8","13","2","hspEurasia","1","2219"
"262","HpGP-GRE-008","hpgpEurope","5","7","8","13","2","hspEurasia","3","2218"
"263","HpGP-GRE-011","hpgpEurope","5","7","8","13","2","hspEurasia","3","2217"
"264","HpGP-GRE-012","hpgpEurope","5","7","8","13","2","hspEurasia","1","2216"
"265","HpGP-GRE-018","hpgpEurope","5","7","8","13","2","hspEurasia","3","2215"
"266","HpGP-GRE-019","hpgpEurope","5","7","8","13","2","hspEurasia","3","2214"
"267","HpGP-GRE-020","hpgpEurope","5","7","8","13","2","hspEurasia","1","2213"
"268","HpGP-GRE-022","hpgpEurope","5","7","8","13","2","hspEurasia","1","2212"
"269","HpGP-GRE-036","hpgpEurope","5","7","8","13","2","hspEurasia","1","2211"
"270","HpGP-GRE-039","hpgpEurope","5","7","8","13","2","hspEurasia","1","2210"
"271","HpGP-GRE-040","hpgpMediterranea","5","7","8","13","2","hspEurasia","1","2209"
"272","HpGP-GRE-041","hpgpEurope","5","7","8","13","2","hspEurasia","1","1553"
"273","HpGP-GRE-042","hpgpEurope","5","7","8","13","2","hspEurasia","1","2208"
"274","HpGP-GRE-043","hpgpEurope","5","7","8","13","2","hspEurasia","3","2207"
"275","HpGP-GRE-044","hpgpEurope","5","7","8","13","2","hspEurasia","3","2206"
"276","HpGP-GRE-046","hpgpEurope","5","7","8","13","2","hspEurasia","1","1553"
"277","HpGP-GTM-004","hpgpEuroamerica","2","2","2","2","1","hspSWEuropeLatinAmerica","1","2205"
"278","HpGP-GTM-007","hpgpMediterranea","2","2","2","2","1","hspSWEuropeLatinAmerica","1","2204"
"279","HpGP-GTM-010","hpgpAfroamerica","3","3","3","3","3","hspAfrica1SAfrica","2","2203"
"280","HpGP-HON-001","hpgpEuroamerica","2","2","2","2","1","hspSWEuropeLatinAmerica","1","1552"
"281","HpGP-HON-002","hpgpEuroamerica","2","2","2","2","1","hspSWEuropeLatinAmerica","1","1552"
"282","HpGP-HON-003","hpgpAfroamerica","3","3","3","3","3","hspAfrica1SAfrica","2","2202"
"283","HpGP-HON-004","hpgpAfroamerica","3","3","3","3","3","hspAfrica1SAfrica","2","2201"
"284","HpGP-HON-005","hpgpEuroamerica","2","2","2","2","1","hspSWEuropeLatinAmerica","1","2200"
"285","HpGP-HON-006","hpgpEuroamerica","3","3","3","3","3","hspAfrica1MiscAmerica","1","2199"
"286","HpGP-HON-007","hpgpAfroamerica","3","3","3","3","3","hspAfrica1SAfrica","2","1551"
"287","HpGP-HON-009","hpgpEuroamerica","2","2","2","2","1","hspSWEuropeLatinAmerica","1","2198"
"288","HpGP-HON-010","hpgpAfroamerica","3","3","3","3","3","hspAfrica1SAfrica","2","2197"
"289","HpGP-HON-011","hpgpEuroamerica","2","2","2","2","1","hspSWEuropeLatinAmerica","1","2196"
"290","HpGP-HON-012","hpgpAfroamerica","3","3","3","3","3","hspAfrica1SAfrica","2","2195"
"291","HpGP-HON-013","hpgpAfroamerica","3","3","3","3","3","hspAfrica1MiscAmerica","2","2194"
"292","HpGP-HON-014","hpgpAfroamerica","3","3","3","3","3","hspAfrica1MiscAmerica","2","2193"
"293","HpGP-HON-015","hpgpAfroamerica","3","3","3","3","3","hspAfrica1SAfrica","2","2192"
"294","HpGP-HON-016","hpgpEuroamerica","2","2","2","2","1","hspSWEuropeLatinAmerica","1","2191"
"295","HpGP-HON-017","hpgpAfrica","3","3","3","3","3","hspAfrica1SAfrica","2","2190"
"296","HpGP-HON-018","hpgpAfroamerica","3","3","3","3","3","hspAfrica1SAfrica","2","1551"
"297","HpGP-HON-019","hpgpAfroamerica","3","3","3","3","3","hspAfrica1SAfrica","2","2189"
"298","HpGP-HON-020","hpgpAfroamerica","3","3","3","3","3","hspAfrica1SAfrica","2","2188"
"299","HpGP-HON-021","hpgpAfroamerica","3","3","3","3","3","hspAfrica1SAfrica","2","2187"
"300","HpGP-HON-023","hpgpAfroamerica","3","3","3","3","3","hspAfrica1SAfrica","2","2186"
"301","HpGP-HON-024","hpgpMediterranea","2","2","2","2","1","hspSWEuropeLatinAmerica","1","2185"
"302","HpGP-HON-025","hpgpEuroamerica","2","2","2","2","1","hspSWEuropeLatinAmerica","1","2184"
"303","HpGP-HON-026","hpgpEuroamerica","2","2","2","2","1","hspSWEuropeLatinAmerica","1","2183"
"304","HpGP-HON-027","hpgpEuroamerica","2","2","2","2","1","hspSWEuropeLatinAmerica","1","2182"
"305","HpGP-HON-028","hpgpEuroamerica","2","2","2","2","1","hspSWEuropeLatinAmerica","1","2181"
"306","HpGP-IDN-001","hpgpEuroamerica","2","2","2","2","4","hspUral","1","2180"
"307","HpGP-IDN-002","hpgpAsia","4","5","6","11","4","hspEAsia","5","2179"
"308","HpGP-IDN-003","hpgpEurope","5","7","8","13","2","hspEurasia","1","2178"
"309","HpGP-IDN-004","hpgpEurope","5","7","8","13","2","hspNEurope","3","2177"
"310","HpGP-IDN-005","hpgpAsia","4","5","6","11","4","hspEAsia","5","2176"
"311","HpGP-IDN-006","hpgpMediterranea","2","2","2","2","1","hspSWEurope","1","2175"
"312","HpGP-IDN-007","hpgpAsia","4","5","6","11","4","hspUral","5","2174"
"313","HpGP-IDN-008","hpgpAsia","4","5","6","11","4","hspEAsia","5","2173"
"314","HpGP-IDN-009","hpgpMediterranea","2","2","2","2","1","hspSWEuropeLatinAmerica","1","2172"
"315","HpGP-IDN-010","hpgpEurasia","5","7","8","13","4","hspUral","3","2171"
"316","HpGP-IDN-011","hpgpEurasia","5","7","8","13","4","hpSahul","6","2170"
"317","HpGP-IND-001","hpgpEurasia","5","6","7","12","4","HpAsia2","3","823"
"318","HpGP-IND-002","hpgpEurope","5","7","8","13","2","hspEurasia","3","814"
"319","HpGP-IND-003","hpgpEurope","5","7","8","13","2","hspEurasia","3","813"
"320","HpGP-IND-004","hpgpEurope","5","7","8","13","2","hspEurasia","3","812"
"321","HpGP-IND-005","hpgpEurope","5","7","8","13","2","hspEurasia","3","811"
"322","HpGP-IND-006","hpgpEurope","5","7","8","13","2","hspEurasia","1","800"
"323","HpGP-IND-007","hpgpEurasia","5","6","7","12","4","HpAsia2","3","821"
"324","HpGP-IND-008","hpgpEurasia","5","6","7","12","4","HpAsia2","3","797"
"325","HpGP-IND-009","hpgpEurasia","5","6","7","12","4","HpAsia2","3","829"
"326","HpGP-IND-010","hpgpEurasia","5","6","7","12","4","HpAsia2","3","824"
"327","HpGP-IRN-001","hpgpEurope","5","7","8","13","2","hspEurasia","3","2169"
"328","HpGP-IRN-002","hpgpEurope","5","7","8","13","2","hspEurasia","1","2168"
"329","HpGP-IRN-003","hpgpEurope","5","7","8","13","2","hspEurasia","1","2167"
"330","HpGP-IRN-009","hpgpEurope","5","7","8","13","2","hspEurasia","3","2166"
"331","HpGP-ISL-001","hpgpEurasia","5","7","8","13","2","hspNEurope","3","2165"
"332","HpGP-ISL-002","hpgpEurasia","5","7","8","13","2","hspNEurope","3","2164"
"333","HpGP-ISL-003","hpgpEurasia","5","7","8","13","2","hspNEurope","3","2163"
"334","HpGP-ISL-004","hpgpEurasia","5","7","8","13","2","hspNEurope","3","2162"
"335","HpGP-ISL-005","hpgpEurasia","5","7","8","13","2","hspNEurope","3","2161"
"336","HpGP-ISL-006","hpgpEurasia","5","7","8","13","2","hspNEurope","3","2160"
"337","HpGP-ISL-007","hpgpEurasia","5","7","8","13","2","hspNEurope","3","2159"
"338","HpGP-ISL-008","hpgpEurasia","5","7","8","13","2","hspNEurope","3","2158"
"339","HpGP-ISL-009","hpgpEurasia","5","7","8","13","2","hspNEurope","3","2157"
"340","HpGP-ISL-010","hpgpEurasia","5","7","8","13","2","hspNEurope","3","2156"
"341","HpGP-ISL-011","hpgpEurasia","5","7","8","13","2","hspNEurope","3","2155"
"342","HpGP-ISR-001","hpgpEurope","5","7","8","13","2","hspEurasia","1","248"
"343","HpGP-ISR-002","hpgpEurope","5","7","8","13","2","hspEurasia","1","2154"
"344","HpGP-ISR-003","hpgpMediterranea","5","7","8","13","2","hspEurasia","1","1324"
"345","HpGP-ISR-004","hpgpEurope","5","7","8","13","2","hspEurasia","1","249"
"346","HpGP-ISR-005","hpgpMediterranea","2","2","2","2","1","hspSWEurope","1","5"
"347","HpGP-ISR-006","hpgpEurope","5","7","8","13","2","hspEurasia","3","1321"
"348","HpGP-ISR-007","hpgpEurope","5","7","8","13","2","hspEurasia","1","2153"
"349","HpGP-ISR-008","hpgpMediterranea","2","2","2","2","1","hspSWEurope","1","2152"
"350","HpGP-ISR-009","hpgpMediterranea","2","2","2","2","1","hspSWEurope","1","1323"
"351","HpGP-ISR-010","hpgpEurope","5","7","8","13","2","hspEurasia","1","2151"
"352","HpGP-ITA-001","hpgpEurope","5","7","8","13","2","hspEurasia","1","2150"
"353","HpGP-ITA-002","hpgpEurope","5","7","8","13","2","hspEurasia","1","2149"
"354","HpGP-ITA-003","hpgpMediterranea","5","7","8","13","2","hspEurasia","1","2148"
"355","HpGP-ITA-004","hpgpEurope","5","7","8","13","2","hspEurasia","1","2147"
"356","HpGP-ITA-005","hpgpMediterranea","5","7","8","13","2","hspEurasia","1","2146"
"357","HpGP-ITA-006","hpgpEurope","5","7","8","13","2","hspEurasia","1","2145"
"358","HpGP-ITA-007","hpgpEurope","5","7","8","13","2","hspEurasia","1","2144"
"359","HpGP-ITA-008","hpgpEurope","5","7","8","13","2","hspEurasia","3","2143"
"360","HpGP-ITA-009","hpgpEurope","5","7","8","13","2","hspEurasia","1","2142"
"361","HpGP-ITA-010","hpgpEurope","5","7","8","13","2","hspEurasia","3","1550"
"362","HpGP-ITA-011","hpgpMediterranea","5","7","8","13","2","hspEurasia","1","2141"
"363","HpGP-ITA-012","hpgpEurope","5","7","8","13","2","hspEurasia","3","2140"
"364","HpGP-ITA-013","hpgpEurope","5","7","8","13","2","hspEurasia","1","2139"
"365","HpGP-ITA-014","hpgpEurope","5","7","8","13","2","hspEurasia","1","2138"
"366","HpGP-ITA-015","hpgpEurope","5","7","8","13","2","hspEurasia","3","2137"
"367","HpGP-ITA-016","hpgpEurope","5","7","8","13","2","hspEurasia","1","2136"
"368","HpGP-ITA-017","hpgpEurope","5","7","8","13","2","hspEurasia","3","2135"
"369","HpGP-ITA-018","hpgpEurope","5","7","8","13","2","hspEurasia","1","2134"
"370","HpGP-ITA-019","hpgpEurope","5","7","8","13","2","hspEurasia","3","2133"
"371","HpGP-ITA-020","hpgpEurope","5","7","8","13","2","hspEurasia","3","1550"
"372","HpGP-ITA-022","hpgpEurope","5","7","8","13","2","hspEurasia","3","2132"
"373","HpGP-ITA-023","hpgpEurope","5","7","8","13","2","hspEurasia","1","2131"
"374","HpGP-ITA-024","hpgpEurope","5","7","8","13","2","hspEurasia","3","2130"
"375","HpGP-ITA-025","hpgpEurope","5","7","8","13","2","hspEurasia","1","2129"
"376","HpGP-ITA-026","hpgpEurope","5","7","8","13","2","hspEurasia","1","2128"
"377","HpGP-ITA-027","hpgpEurope","5","7","8","13","2","hspEurasia","3","2127"
"378","HpGP-ITA-028","hpgpEurope","5","7","8","13","2","hspEurasia","3","2126"
"379","HpGP-ITA-029","hpgpEurope","5","7","8","13","2","hspEurasia","1","2125"
"380","HpGP-ITA-030","hpgpEurope","5","7","8","13","2","hspEurasia","3","2124"
"381","HpGP-JAP-002","hpgpAsia","4","5","6","11","4","hspEAsia","5","2123"
"382","HpGP-JAP-009","hpgpAsia","4","5","6","11","4","hspEAsia","5","2122"
"383","HpGP-JAP-010","hpgpAsia","4","5","6","11","4","hspEAsia","5","2121"
"384","HpGP-JAP-012","hpgpAsia","4","5","6","11","4","hspEAsia","5","2120"
"385","HpGP-JAP-013","hpgpAsia","4","5","6","11","4","hspEAsia","5","1379"
"386","HpGP-JAP-015","hpgpAsia","4","5","6","11","4","hspEAsia","5","2119"
"387","HpGP-JAP-016","hpgpAsia","4","5","6","11","4","hspEAsia","5","2118"
"388","HpGP-JAP-017","hpgpAsia","4","5","6","11","4","hspEAsia","5","2117"
"389","HpGP-JAP-019","hpgpAsia","4","5","6","11","4","hspEAsia","5","2116"
"390","HpGP-JAP-021","hpgpAsia","4","5","6","11","4","hspEAsia","5","2115"
"391","HpGP-JAP-022","hpgpAsia","4","5","6","11","4","hspEAsia","5","2114"
"392","HpGP-JAP-026","hpgpAsia","4","5","6","11","4","hspEAsia","5","2113"
"393","HpGP-JAP-028","hpgpAsia","4","5","6","11","4","hspEAsia","5","2112"
"394","HpGP-JAP-029","hpgpAsia","4","5","6","11","4","hspEAsia","5","2111"
"395","HpGP-JAP-101","hpgpAsia","4","5","6","11","4","hspEAsia","5","2110"
"396","HpGP-JAP-102","hpgpEurasia","5","7","8","13","4","hspUral","3","22"
"397","HpGP-JAP-103","hpgpAsia","4","5","6","11","4","hspEAsia","5","2109"
"398","HpGP-JAP-104","hpgpEurasia","5","7","8","13","4","hspUral","3","2108"
"399","HpGP-JAP-105","hpgpAsia","4","5","6","11","4","hspEAsia","5","64"
"400","HpGP-JAP-106","hpgpAsia","4","5","6","11","4","hspEAsia","5","2107"
"401","HpGP-JAP-107","hpgpAsia","4","5","6","11","4","hspEAsia","5","2106"
"402","HpGP-JAP-108","hpgpAsia","4","5","6","11","4","hspEAsia","5","2105"
"403","HpGP-JAP-109","hpgpAsia","4","5","6","11","4","hspEAsia","5","2104"
"404","HpGP-JAP-110","hpgpEuroamerica","2","2","2","2","1","hspSWEuropeLatinAmerica","1","2103"
"405","HpGP-JAP-111","hpgpAsia","4","5","6","11","4","hspEAsia","5","1439"
"406","HpGP-JAP-112","hpgpAsia","4","5","6","11","4","hspEAsia","5","1425"
"407","HpGP-JAP-113","hpgpAsia","4","5","6","11","4","hspEAsia","5","38"
"408","HpGP-JAP-114","hpgpAsia","4","5","6","11","4","hspEAsia","5","2102"
"409","HpGP-JAP-115","hpgpAsia","4","5","6","11","4","hspEAsia","5","2101"
"410","HpGP-JOR-001","hpgpEurope","5","7","8","13","2","hspEurasia","1","2100"
"411","HpGP-JOR-002","hpgpEurope","5","7","8","13","2","hspEurasia","1","2099"
"412","HpGP-JOR-003","hpgpEurope","5","7","8","13","2","hspEurasia","1","2098"
"413","HpGP-JOR-004","hpgpEurope","5","7","8","13","2","hspEurasia","1","2097"
"414","HpGP-JOR-005","hpgpMediterranea","5","7","8","13","2","hspEurasia","1","2096"
"415","HpGP-JOR-006","hpgpEurope","5","7","8","13","2","hspEurasia","1","2095"
"416","HpGP-JOR-007","hpgpMediterranea","5","7","8","13","2","hspEurasia","1","2094"
"417","HpGP-JOR-008","hpgpMediterranea","5","7","8","13","2","hspEurasia","1","2093"
"418","HpGP-JOR-009","hpgpMediterranea","5","7","8","13","2","hspEurasia","1","2092"
"419","HpGP-JOR-010","hpgpEurope","5","7","8","13","2","hspEurasia","1","2091"
"420","HpGP-KAZ-001","hpgpEurope","5","7","8","13","2","hspEurasia","1","2090"
"421","HpGP-KAZ-002","hpgpEurasia","5","7","8","13","4","hpNorthAsia","5","2089"
"422","HpGP-KGZ-001","hpgpEurope","5","7","8","13","2","hspEurasia","3","2088"
"423","HpGP-KGZ-002","hpgpEurope","5","7","8","13","2","hspNEurope","3","2087"
"424","HpGP-KGZ-003","hpgpEurope","5","7","8","13","2","hspEurasia","1","2086"
"425","HpGP-KGZ-004","hpgpEurasia","5","7","8","13","4","hspUral","3","2085"
"426","HpGP-KGZ-005","hpgpEurasia","5","7","8","13","4","hspUral","3","2084"
"427","HpGP-KGZ-006","hpgpEurasia","5","7","8","13","4","hpNorthAsia","5","2083"
"428","HpGP-KGZ-007","hpgpEurasia","5","7","8","13","4","hspUral","3","2082"
"429","HpGP-KGZ-008","hpgpEurope","5","7","8","13","2","hspEurasia","3","2081"
"430","HpGP-KGZ-009","hpgpEurope","5","7","8","13","2","hspEurasia","3","2080"
"431","HpGP-KGZ-010","hpgpEurasia","5","7","8","13","4","hspUral","3","2079"
"432","HpGP-KOR-001","hpgpAsia","4","5","6","11","4","hspEAsia","5","2078"
"433","HpGP-KOR-002","hpgpAsia","4","5","6","11","4","hspEAsia","5","2077"
"434","HpGP-KOR-004","hpgpAsia","4","5","6","11","4","hspEAsia","5","2076"
"435","HpGP-KOR-005","hpgpAsia","4","5","6","11","4","hspEAsia","5","2075"
"436","HpGP-KOR-006","hpgpAsia","4","5","6","11","4","hspEAsia","5","2074"
"437","HpGP-KOR-007","hpgpAsia","4","5","6","11","4","hspEAsia","5","2073"
"438","HpGP-KOR-008","hpgpAsia","4","5","6","11","4","hspEAsia","5","2072"
"439","HpGP-KOR-009","hpgpAsia","4","5","6","11","4","hspEAsia","5","2071"
"440","HpGP-KOR-010","hpgpAsia","4","5","6","11","4","hspEAsia","5","1549"
"441","HpGP-KOR-012","hpgpAsia","4","5","6","11","4","hspEAsia","5","2070"
"442","HpGP-KOR-013","hpgpAsia","4","5","6","11","4","hspEAsia","5","2069"
"443","HpGP-KOR-014","hpgpAsia","4","5","6","11","4","hspEAsia","5","2068"
"444","HpGP-KOR-016","hpgpAsia","4","5","6","11","4","hspEAsia","5","2067"
"445","HpGP-KOR-019","hpgpAsia","4","5","6","11","4","hspEAsia","5","1548"
"446","HpGP-KOR-020","hpgpAsia","4","5","6","11","4","hspEAsia","5","2066"
"447","HpGP-KOR-021","hpgpAsia","4","5","6","11","4","hspEAsia","5","2065"
"448","HpGP-KOR-022","hpgpAsia","4","5","6","11","4","hspEAsia","5","2064"
"449","HpGP-KOR-023","hpgpAsia","4","5","6","11","4","hspEAsia","5","2063"
"450","HpGP-KOR-024","hpgpAsia","4","5","6","11","4","hspEAsia","5","2062"
"451","HpGP-KOR-025","hpgpAsia","4","5","6","11","4","hspEAsia","5","2061"
"452","HpGP-KOR-027","hpgpAsia","4","5","6","11","4","hspEAsia","5","2060"
"453","HpGP-KOR-028","hpgpAsia","4","5","6","11","4","hspEAsia","5","2059"
"454","HpGP-KOR-029","hpgpAsia","4","5","6","11","4","hspEAsia","5","2058"
"455","HpGP-KOR-032","hpgpEurasia","5","7","8","13","4","hspEAsia","5","2057"
"456","HpGP-KOR-033","hpgpAsia","4","5","6","11","4","hspEAsia","5","2056"
"457","HpGP-KOR-034","hpgpAsia","4","5","6","11","4","hspEAsia","5","2055"
"458","HpGP-KOR-035","hpgpAsia","4","5","6","11","4","hspEAsia","5","2054"
"459","HpGP-KOR-036","hpgpAsia","4","5","6","11","4","hspEAsia","5","2053"
"460","HpGP-KOR-037","hpgpAsia","4","5","6","11","4","hspEAsia","5","2052"
"461","HpGP-KOR-041","hpgpAsia","4","5","6","11","4","hspEAsia","5","2051"
"462","HpGP-KOR-042","hpgpAsia","4","5","6","11","4","hspEAsia","5","2050"
"463","HpGP-KOR-043","hpgpAsia","4","5","6","11","4","hspEAsia","5","2049"
"464","HpGP-KOR-044","hpgpAsia","4","5","6","11","4","hspEAsia","5","2048"
"465","HpGP-KOR-045","hpgpAsia","4","5","6","11","4","hspEAsia","5","2047"
"466","HpGP-KOR-046","hpgpAsia","4","5","6","11","4","hspEAsia","5","2046"
"467","HpGP-KOR-047","hpgpAsia","4","5","6","11","4","hspEAsia","5","2045"
"468","HpGP-KOR-048","hpgpAsia","4","5","6","11","4","hspEAsia","5","2044"
"469","HpGP-KOR-049","hpgpAsia","4","5","6","11","4","hspEAsia","5","2043"
"470","HpGP-KOR-050","hpgpAsia","4","5","6","11","4","hspEAsia","5","2042"
"471","HpGP-KOR-051","hpgpAsia","4","5","6","11","4","hspEAsia","5","2041"
"472","HpGP-KOR-052","hpgpAsia","4","5","6","11","4","hspEAsia","5","1547"
"473","HpGP-KOR-053","hpgpAsia","4","5","6","11","4","hspEAsia","5","1547"
"474","HpGP-KOR-101","hpgpAsia","4","5","6","11","4","hspEAsia","5","1549"
"475","HpGP-KOR-105","hpgpAsia","4","5","6","11","4","hspEAsia","5","2040"
"476","HpGP-KOR-109","hpgpAsia","4","5","6","11","4","hspEAsia","5","2039"
"477","HpGP-KOR-110","hpgpAsia","4","5","6","11","4","hspEAsia","5","2038"
"478","HpGP-KOR-111","hpgpAsia","4","5","6","11","4","hspEAsia","5","2037"
"479","HpGP-KOR-112","hpgpAsia","4","5","6","11","4","hspEAsia","5","2036"
"480","HpGP-KOR-114","hpgpAsia","4","5","6","11","4","hspEAsia","5","1548"
"481","HpGP-KOR-115","hpgpAsia","4","5","6","11","4","hspEAsia","5","2035"
"482","HpGP-KOR-116","hpgpAsia","4","5","6","11","4","hspEAsia","5","2034"
"483","HpGP-KOR-117","hpgpAsia","4","5","6","11","4","hspEAsia","5","2033"
"484","HpGP-KOR-118","hpgpAsia","4","5","6","11","4","hspEAsia","5","2032"
"485","HpGP-KOR-119","hpgpAsia","4","5","6","11","4","hspEAsia","5","2031"
"486","HpGP-LAT-001","hpgpEurope","5","7","8","13","2","hspNEurope","3","2030"
"487","HpGP-LAT-002","hpgpEurope","5","7","8","13","2","hspEurasia","3","2029"
"488","HpGP-LAT-003","hpgpEurope","5","7","8","13","2","hspEurasia","3","2028"
"489","HpGP-LAT-004","hpgpEurope","5","7","8","13","2","hspNEurope","3","2027"
"490","HpGP-LAT-005","hpgpEurope","5","7","8","13","2","hspNEurope","3","2026"
"491","HpGP-LAT-006","hpgpEurope","5","7","8","13","2","hspNEurope","3","2025"
"492","HpGP-LAT-007","hpgpEurope","5","7","8","13","2","hspNEurope","3","2024"
"493","HpGP-LAT-008","hpgpEurope","5","7","8","13","2","hspEurasia","3","2023"
"494","HpGP-LAT-009","hpgpEurope","5","7","8","13","2","hspNEurope","3","2022"
"495","HpGP-LAT-010","hpgpEurope","5","7","8","13","2","hspNEurope","3","2021"
"496","HpGP-LAT-011","hpgpEurope","5","7","8","13","2","hspNEurope","3","2020"
"497","HpGP-LAT-012","hpgpEurope","5","7","8","13","2","hspNEurope","3","2019"
"498","HpGP-LAT-014","hpgpEurope","5","7","8","13","2","hspNEurope","3","2018"
"499","HpGP-LAT-015","hpgpEurope","5","7","8","13","2","hspNEurope","3","2017"
"500","HpGP-LAT-017","hpgpEurope","5","7","8","13","2","hspNEurope","3","2016"
"501","HpGP-LAT-018","hpgpEurope","5","7","8","13","2","hspNEurope","3","2015"
"502","HpGP-LAT-019","hpgpEurope","5","7","8","13","2","hspNEurope","3","2014"
"503","HpGP-LAT-020","hpgpEurope","5","7","8","13","2","hspNEurope","3","2013"
"504","HpGP-LAT-021","hpgpEurope","5","7","8","13","2","hspNEurope","3","2012"
"505","HpGP-LAT-022","hpgpEurope","5","7","8","13","2","hspNEurope","3","2011"
"506","HpGP-LAT-023","hpgpEurope","5","7","8","13","2","hspNEurope","3","2010"
"507","HpGP-LAT-024","hpgpEurope","5","7","8","13","2","hspNEurope","3","2009"
"508","HpGP-LAT-025","hpgpEurope","5","7","8","13","2","hspNEurope","3","2008"
"509","HpGP-LAT-026","hpgpEurope","5","7","8","13","2","hspNEurope","3","2007"
"510","HpGP-LAT-027","hpgpEurope","5","7","8","13","2","hspNEurope","3","2006"
"511","HpGP-LAT-028","hpgpEurope","5","7","8","13","2","hspNEurope","3","2005"
"512","HpGP-LAT-029","hpgpEurope","5","7","8","13","4","hspUral","3","2004"
"513","HpGP-LAT-030","hpgpEurope","5","7","8","13","2","hspNEurope","3","2003"
"514","HpGP-LAT-031","hpgpEurope","5","7","8","13","2","hspNEurope","3","2002"
"515","HpGP-LAT-032","hpgpEurope","5","7","8","13","2","hspNEurope","3","2001"
"516","HpGP-LAT-033","hpgpEurope","5","7","8","13","2","hspEurasia","3","2000"
"517","HpGP-LAT-034","hpgpEurope","5","7","8","13","2","hspNEurope","3","1999"
"518","HpGP-LAT-035","hpgpEurope","5","7","8","13","2","hspNEurope","3","1998"
"519","HpGP-LAT-036","hpgpEurope","5","7","8","13","2","hspNEurope","3","1997"
"520","HpGP-LIT-001","hpgpEurope","5","7","8","13","2","hspEurasia","3","1996"
"521","HpGP-LIT-002","hpgpEurope","5","7","8","13","2","hspEurasia","3","1995"
"522","HpGP-LIT-003","hpgpEurope","5","7","8","13","2","hspNEurope","3","1994"
"523","HpGP-LIT-004","hpgpEurope","5","7","8","13","2","hspNEurope","3","1993"
"524","HpGP-LIT-006","hpgpEurope","5","7","8","13","2","hspEurasia","3","1992"
"525","HpGP-LIT-007","hpgpEurope","5","7","8","13","2","hspNEurope","3","1991"
"526","HpGP-LIT-008","hpgpEurope","5","7","8","13","2","hspNEurope","3","1990"
"527","HpGP-LIT-010","hpgpEurope","5","7","8","13","2","hspNEurope","3","1989"
"528","HpGP-LIT-012","hpgpEurope","5","7","8","13","2","hspEurasia","3","1988"
"529","HpGP-LIT-013","hpgpEurope","5","7","8","13","2","hspNEurope","3","1987"
"530","HpGP-LIT-020","hpgpEurope","5","7","8","13","2","hspNEurope","3","1986"
"531","HpGP-LIT-021","hpgpEurope","5","7","8","13","2","hspNEurope","3","1985"
"532","HpGP-LIT-023","hpgpEurope","5","7","8","13","2","hspNEurope","3","1984"
"533","HpGP-LIT-024","hpgpEurope","5","7","8","13","2","hspEurasia","3","1983"
"534","HpGP-LIT-025","hpgpEurope","5","7","8","13","2","hspNEurope","3","1982"
"535","HpGP-LIT-026","hpgpEurope","5","7","8","13","2","hspEurasia","3","1981"
"536","HpGP-LIT-028","hpgpEurope","5","7","8","13","2","hspNEurope","3","1980"
"537","HpGP-LIT-029","hpgpEurope","5","7","8","13","2","hspNEurope","3","1979"
"538","HpGP-LIT-030","hpgpEurope","5","7","8","13","2","hspNEurope","3","1978"
"539","HpGP-LIT-031","hpgpEurope","5","7","8","13","2","hspNEurope","3","1977"
"540","HpGP-LIT-032","hpgpEurope","5","7","8","13","2","hspNEurope","3","1976"
"541","HpGP-LIT-035","hpgpEurope","5","7","8","13","2","hspNEurope","3","1975"
"542","HpGP-LIT-041","hpgpEurope","5","7","8","13","2","hspNEurope","3","1974"
"543","HpGP-MAL-002","hpgpEurasia","5","6","7","12","4","HpAsia2","3","1973"
"544","HpGP-MAL-003","hpgpAsia","4","5","6","11","4","hspEAsia","5","1236"
"545","HpGP-MAL-004","hpgpEurasia","5","6","7","12","4","HpAsia2","3","1972"
"546","HpGP-MAL-005","hpgpAsia","4","5","6","11","4","hspEAsia","5","1971"
"547","HpGP-MAL-006","hpgpAsia","4","5","6","11","4","hspEAsia","5","62"
"548","HpGP-MAL-007","hpgpMediterranea","2","2","2","2","1","hpNEAfrica","1","1970"
"549","HpGP-MAL-008","hpgpAsia","4","5","6","11","4","hspEAsia","5","1969"
"550","HpGP-MAL-010","hpgpAsia","4","5","6","11","4","hspEAsia","5","1968"
"551","HpGP-MAL-012","hpgpAsia","4","5","6","11","4","hspEAsia","5","1967"
"552","HpGP-MAL-015","hpgpAsia","4","5","6","11","4","hspEAsia","5","1966"
"553","HpGP-MAL-016","hpgpEurasia","5","6","7","12","4","HpAsia2","3","1965"
"554","HpGP-MAL-017","hpgpEurasia","5","6","7","12","4","HpAsia2","3","1964"
"555","HpGP-MAL-018","hpgpAsia","4","5","6","11","4","hspEAsia","5","1182"
"556","HpGP-MAL-019","hpgpEurasia","5","6","7","12","4","HpAsia2","3","1963"
"557","HpGP-MAL-020","hpgpAsia","4","5","6","11","4","hspEAsia","5","1962"
"558","HpGP-MAL-021","hpgpAsia","4","5","6","11","4","hspEAsia","5","1961"
"559","HpGP-MAL-022","hpgpAsia","4","5","6","11","4","hspEAsia","5","1960"
"560","HpGP-MAL-023","hpgpAsia","4","5","6","11","4","hspEAsia","5","1959"
"561","HpGP-MAL-025","hpgpEurasia","5","6","7","12","4","HpAsia2","3","1181"
"562","HpGP-MEX-001","hpgpEuroamerica","2","2","2","2","1","hspSWEuropeLatinAmerica","1","1958"
"563","HpGP-MEX-002","hpgpEuroamerica","2","2","2","2","1","hspSWEuropeLatinAmerica","1","1957"
"564","HpGP-MEX-003","hpgpEuroamerica","2","2","2","2","1","hspSWEuropeLatinAmerica","1","1956"
"565","HpGP-MEX-004","hpgpEuroamerica","2","2","2","2","1","hspSWEuropeLatinAmerica","1","1955"
"566","HpGP-MEX-006","hpgpEuroamerica","2","2","2","2","1","hspSWEuropeLatinAmerica","1","1954"
"567","HpGP-MEX-007","hpgpMediterranea","2","2","2","2","1","hspSWEurope","1","1953"
"568","HpGP-MEX-008","hpgpMediterranea","2","2","2","2","1","hspSWEurope","1","1952"
"569","HpGP-MEX-009","hpgpMediterranea","2","2","2","2","1","hspSWEurope","1","1951"
"570","HpGP-MEX-010","hpgpEuroamerica","2","2","2","2","1","hspSWEuropeLatinAmerica","1","1950"
"571","HpGP-MEX-012","hpgpMediterranea","2","2","2","2","1","hspSWEuropeLatinAmerica","1","522"
"572","HpGP-MEX-023","hpgpEuroamerica","2","2","2","2","1","hspSWEuropeLatinAmerica","1","1949"
"573","HpGP-MEX-024","hpgpEuroamerica","2","2","2","2","1","hspSWEuropeLatinAmerica","1","1948"
"574","HpGP-MEX-027","hpgpEuroamerica","2","2","2","2","1","hspSWEuropeLatinAmerica","1","1947"
"575","HpGP-MEX-028","hpgpAsia","4","5","6","11","4","hspIndigenousAmerica","5","1946"
"576","HpGP-MEX-032","hpgpEuroamerica","2","2","2","2","1","hspSWEuropeLatinAmerica","1","1945"
"577","HpGP-MEX-035","hpgpEuroamerica","2","2","2","2","1","hspSWEuropeLatinAmerica","1","1944"
"578","HpGP-MEX-040","hpgpEuroamerica","2","2","2","2","1","hspSWEuropeLatinAmerica","1","1943"
"579","HpGP-MEX-041","hpgpEuroamerica","2","2","2","2","1","hspSWEuropeLatinAmerica","1","649"
"580","HpGP-MEX-043","hpgpEuroamerica","2","2","2","2","1","hspSWEuropeLatinAmerica","1","1942"
"581","HpGP-MEX-044","hpgpEuroamerica","2","2","2","2","1","hspSWEuropeLatinAmerica","1","1941"
"582","HpGP-MEX-045","hpgpEuroamerica","2","2","2","2","1","hspSWEuropeLatinAmerica","1","1940"
"583","HpGP-MEX-046","hpgpEuroamerica","2","2","2","2","1","hspSWEuropeLatinAmerica","1","1939"
"584","HpGP-MMR-001","hpgpEurasia","5","6","7","12","4","HpAsia2","3","1938"
"585","HpGP-MMR-002","hpgpEurasia","5","6","7","12","4","HpAsia2","3","1937"
"586","HpGP-MMR-003","hpgpEurasia","5","6","7","12","4","HpAsia2","3","1936"
"587","HpGP-MMR-004","hpgpEurasia","5","6","7","12","4","HpAsia2","3","1935"
"588","HpGP-MMR-005","hpgpEurasia","5","6","7","12","4","HpAsia2","3","1934"
"589","HpGP-MMR-006","hpgpEurasia","5","6","7","12","4","HpAsia2","3","1933"
"590","HpGP-MMR-007","hpgpEurasia","5","6","7","12","4","HpAsia2","3","1932"
"591","HpGP-MMR-008","hpgpEurasia","5","6","7","12","4","HpAsia2","3","1931"
"592","HpGP-MMR-009","hpgpEurasia","5","6","7","12","4","HpAsia2","3","1930"
"593","HpGP-MMR-010","hpgpEurasia","5","6","7","12","4","HpAsia2","3","1929"
"594","HpGP-MMR-011","hpgpEurasia","5","6","7","12","4","HpAsia2","3","1928"
"595","HpGP-MMR-012","hpgpEurasia","5","6","7","12","4","HpAsia2","3","1927"
"596","HpGP-NGA-006","hpgpEuroamerica","2","2","2","2","3","hspAfrica1MiscAmerica","1","1926"
"597","HpGP-NGA-010","hpgpEuroamerica","2","2","2","2","3","hspAfrica1MiscAmerica","1","1925"
"598","HpGP-NGA-017","hpgpAfrica","3","3","3","3","3","hspAfrica1NAmerica","2","1924"
"599","HpGP-NGA-019","hpgpAfrica","3","3","3","3","3","hspAfrica1NAmerica","2","1923"
"600","HpGP-NPL-001","hpgpEurope","5","7","8","13","4","HpAsia2","3","1922"
"601","HpGP-NPL-002","hpgpEurope","5","7","8","13","2","hspEurasia","3","1921"
"602","HpGP-NPL-003","hpgpEurasia","5","7","8","13","4","HpAsia2","3","1920"
"603","HpGP-NPL-004","hpgpEurasia","5","7","8","13","4","hspUral","5","1919"
"604","HpGP-NPL-005","hpgpEurope","5","7","8","13","2","hspEurasia","3","1546"
"605","HpGP-NPL-006","hpgpEurope","5","7","8","13","2","hspEurasia","3","1546"
"606","HpGP-NPL-007","hpgpEurasia","5","7","8","13","4","hspUral","5","1918"
"607","HpGP-NPL-008","hpgpEurasia","5","7","8","13","4","HpAsia2","3","1917"
"608","HpGP-NPL-009","hpgpEurasia","5","7","8","13","4","HpAsia2","3","1916"
"609","HpGP-NPL-010","hpgpEurope","5","7","8","13","2","hspEurasia","1","1915"
"610","HpGP-NPL-011","hpgpEurope","5","7","8","13","4","HpAsia2","3","1914"
"611","HpGP-NPL-012","hpgpEurope","5","7","8","13","2","hspEurasia","3","1913"
"612","HpGP-NPL-013","hpgpEurasia","5","7","8","13","4","HpAsia2","3","1912"
"613","HpGP-PER-011","hpgpAsia","4","5","6","11","4","hspIndigenousAmerica","5","1911"
"614","HpGP-PER-013","hpgpAfrica","3","3","3","3","3","hspAfrica1NAmerica","2","1910"
"615","HpGP-PER-014","hpgpEuroamerica","2","2","2","2","1","hspSWEuropeLatinAmerica","1","375"
"616","HpGP-PER-016","hpgpEuroamerica","2","2","2","2","1","hspSWEuropeLatinAmerica","1","1909"
"617","HpGP-PER-017","hpgpEuroamerica","2","2","2","2","1","hspSWEuropeLatinAmerica","1","1908"
"618","HpGP-PER-018","hpgpEuroamerica","2","2","2","2","1","hspSWEuropeLatinAmerica","1","1907"
"619","HpGP-PER-019","hpgpAsia","4","5","6","11","4","hspIndigenousAmerica","5","1906"
"620","HpGP-PER-020","hpgpAfroamerica","3","3","3","3","3","hspAfrica1NAmerica","2","1905"
"621","HpGP-PER-021","hpgpEuroamerica","2","2","2","2","1","hspSWEuropeLatinAmerica","1","1904"
"622","HpGP-PER-101","hpgpEuroamerica","2","2","2","2","1","hspSWEuropeLatinAmerica","1","1903"
"623","HpGP-PER-102","hpgpEuroamerica","2","2","2","2","1","hspSWEuropeLatinAmerica","1","1902"
"624","HpGP-PER-103","hpgpMediterranea","2","2","2","2","1","hspSWEuropeLatinAmerica","1","1901"
"625","HpGP-PER-104","hpgpEuroamerica","2","2","2","2","1","hspSWEuropeLatinAmerica","1","1900"
"626","HpGP-PER-105","hpgpEuroamerica","2","2","2","2","1","hspSWEuropeLatinAmerica","1","1899"
"627","HpGP-PER-106","hpgpEuroamerica","2","2","2","2","1","hspSWEuropeLatinAmerica","1","1898"
"628","HpGP-PER-107","hpgpEuroamerica","2","2","2","2","1","hspSWEuropeLatinAmerica","1","1897"
"629","HpGP-PER-108","hpgpEuroamerica","2","2","2","2","1","hspSWEuropeLatinAmerica","1","1896"
"630","HpGP-PER-109","hpgpEuroamerica","2","2","2","2","1","hspSWEuropeLatinAmerica","1","1895"
"631","HpGP-PER-110","hpgpEuroamerica","2","2","2","2","1","hspSWEuropeLatinAmerica","1","1894"
"632","HpGP-PER-111","hpgpAsia","4","5","6","11","4","hspIndigenousAmerica","5","1893"
"633","HpGP-PER-112","hpgpAfroamerica","3","3","3","3","3","hspAfrica1MiscAmerica","2","1892"
"634","HpGP-PER-113","hpgpEuroamerica","2","2","2","2","1","hspSWEuropeLatinAmerica","1","1891"
"635","HpGP-PER-114","hpgpEuroamerica","2","2","2","2","1","hspSWEuropeLatinAmerica","1","1890"
"636","HpGP-PER-115","hpgpEuroamerica","2","2","2","2","1","hspSWEuropeLatinAmerica","1","1889"
"637","HpGP-PER-116","hpgpAfroamerica","3","3","3","3","3","hspAfrica1SAfrica","2","1888"
"638","HpGP-PER-117","hpgpEuroamerica","2","2","2","2","1","hspSWEuropeLatinAmerica","1","1887"
"639","HpGP-PER-119","hpgpEuroamerica","2","2","2","2","1","hspSWEuropeLatinAmerica","1","1886"
"640","HpGP-PER-121","hpgpAsia","4","5","6","11","4","hspIndigenousAmerica","5","1885"
"641","HpGP-PER-124","hpgpEuroamerica","2","2","2","2","1","hspSWEuropeLatinAmerica","1","1884"
"642","HpGP-PER-130","hpgpEuroamerica","2","2","2","2","1","hspSWEuropeLatinAmerica","1","1883"
"643","HpGP-PER-136","hpgpEuroamerica","2","2","2","2","1","hspSWEuropeLatinAmerica","1","1882"
"644","HpGP-PER-138","hpgpAsia","4","5","6","11","4","hspIndigenousAmerica","5","1881"
"645","HpGP-PER-140","hpgpAfroamerica","2","2","2","2","3","hspAfrica1MiscAmerica","2","1880"
"646","HpGP-POL-001","hpgpEurope","5","7","8","13","2","hspEurasia","3","1879"
"647","HpGP-POL-002","hpgpEurope","5","7","8","13","2","hspEurasia","3","1878"
"648","HpGP-POL-003","hpgpEurope","5","7","8","13","2","hspEurasia","3","1877"
"649","HpGP-POL-004","hpgpEurope","5","7","8","13","2","hspEurasia","3","1876"
"650","HpGP-POL-005","hpgpEurope","5","7","8","13","2","hspEurasia","3","1875"
"651","HpGP-POL-006","hpgpEurope","5","7","8","13","2","hspEurasia","3","1874"
"652","HpGP-POL-007","hpgpEurope","5","7","8","13","2","hspEurasia","3","1873"
"653","HpGP-POL-008","hpgpEurope","5","7","8","13","2","hspEurasia","3","1872"
"654","HpGP-POL-009","hpgpEurope","5","7","8","13","2","hspEurasia","3","1871"
"655","HpGP-POL-010","hpgpEurope","5","7","8","13","2","hspEurasia","3","1870"
"656","HpGP-POL-101","hpgpEurope","5","7","8","13","2","hspEurasia","3","1869"
"657","HpGP-POL-102","hpgpEurope","5","7","8","13","2","hspEurasia","3","1868"
"658","HpGP-POL-103","hpgpEurope","5","7","8","13","2","hspEurasia","3","1867"
"659","HpGP-POL-104","hpgpEurope","5","7","8","13","2","hspEurasia","3","1866"
"660","HpGP-POL-105","hpgpEurope","5","7","8","13","2","hspEurasia","3","1865"
"661","HpGP-POL-106","hpgpEurope","5","7","8","13","2","hspEurasia","3","1545"
"662","HpGP-POL-107","hpgpEurope","5","7","8","13","2","hspEurasia","3","1864"
"663","HpGP-POL-108","hpgpEurope","5","7","8","13","2","hspEurasia","3","1545"
"664","HpGP-POL-109","hpgpEurope","5","7","8","13","2","hspEurasia","3","1863"
"665","HpGP-POL-110","hpgpEurope","5","7","8","13","2","hspEurasia","3","1862"
"666","HpGP-POR-001","hpgpMediterranea","2","2","2","2","1","hspSWEurope","1","1861"
"667","HpGP-POR-002","hpgpMediterranea","2","2","2","2","1","hspSWEurope","1","1860"
"668","HpGP-POR-003","hpgpMediterranea","2","2","2","2","1","hspSWEurope","1","1859"
"669","HpGP-POR-004","hpgpAfrica","3","3","3","3","3","hspAfrica1WAfrica","2","1858"
"670","HpGP-POR-005","hpgpMediterranea","2","2","2","2","1","hspSWEurope","1","1857"
"671","HpGP-POR-006","hpgpAfrica","3","3","3","3","3","hspAfrica1SAfrica","2","1856"
"672","HpGP-POR-007","hpgpMediterranea","2","2","2","2","1","hspSWEurope","1","1855"
"673","HpGP-POR-008","hpgpMediterranea","2","2","2","2","1","hspSWEurope","1","1854"
"674","HpGP-POR-009","hpgpMediterranea","2","2","2","2","1","hspSWEurope","1","1853"
"675","HpGP-POR-010","hpgpMediterranea","2","2","2","2","1","hspSWEurope","1","1852"
"676","HpGP-POR-011","hpgpMediterranea","2","2","2","2","1","hspSWEurope","1","1851"
"677","HpGP-POR-012","hpgpMediterranea","2","2","2","2","1","hspSWEurope","1","1850"
"678","HpGP-POR-013","hpgpMediterranea","2","2","2","2","1","hspSWEurope","1","1849"
"679","HpGP-POR-015","hpgpMediterranea","2","2","2","2","1","hspSWEurope","1","1848"
"680","HpGP-POR-018","hpgpMediterranea","2","2","2","2","1","hspSWEurope","1","1847"
"681","HpGP-POR-101","hpgpMediterranea","2","2","2","2","1","hspSWEurope","1","1846"
"682","HpGP-POR-102","hpgpMediterranea","2","2","2","2","1","hspSWEurope","1","1845"
"683","HpGP-POR-103","hpgpMediterranea","2","2","2","2","1","hspSWEurope","1","1844"
"684","HpGP-POR-104","hpgpMediterranea","2","2","2","2","1","hspSWEurope","1","1843"
"685","HpGP-POR-105","hpgpMediterranea","2","2","2","2","1","hspSWEurope","1","1842"
"686","HpGP-POR-106","hpgpMediterranea","2","2","2","2","1","hspSWEurope","1","1841"
"687","HpGP-POR-107","hpgpMediterranea","2","2","2","2","1","hspSWEurope","1","1840"
"688","HpGP-POR-108","hpgpMediterranea","2","2","2","2","1","hspSWEurope","1","1839"
"689","HpGP-POR-109","hpgpMediterranea","2","2","2","2","1","hspSWEurope","1","1838"
"690","HpGP-POR-110","hpgpEuroamerica","2","2","2","2","1","hspSWEuropeLatinAmerica","1","1837"
"691","HpGP-POR-111","hpgpMediterranea","2","2","2","2","1","hspSWEurope","1","1836"
"692","HpGP-POR-112","hpgpMediterranea","2","2","2","2","1","hspSWEurope","1","1835"
"693","HpGP-POR-113","hpgpEuroamerica","2","2","2","2","1","hspSWEurope","1","1834"
"694","HpGP-POR-114","hpgpEuroamerica","2","2","2","2","1","hspSWEurope","1","1833"
"695","HpGP-POR-115","hpgpEuroamerica","2","2","2","2","1","hspSWEurope","1","1832"
"696","HpGP-PRI-001","hpgpMediterranea","2","2","2","2","1","hspSWEurope","1","1544"
"697","HpGP-PRI-002","hpgpMediterranea","2","2","2","2","1","hspSWEurope","1","1831"
"698","HpGP-PRI-004","hpgpMediterranea","2","2","2","2","1","hspSWEurope","1","1830"
"699","HpGP-PRI-005","hpgpAfrica","3","3","3","3","3","hspAfrica1NAmerica","2","1829"
"700","HpGP-PRI-006","hpgpMediterranea","2","2","2","2","1","hspSWEurope","1","1828"
"701","HpGP-PRI-007","hpgpMediterranea","2","2","2","2","1","hspSWEurope","1","1544"
"702","HpGP-PRI-008","hpgpEuroamerica","2","2","2","2","1","hspSWEurope","1","1827"
"703","HpGP-RUS-001","hpgpEurope","5","7","8","13","2","hspNEurope","3","1826"
"704","HpGP-RUS-002","hpgpEurope","5","7","8","13","2","hspEurasia","3","1825"
"705","HpGP-RUS-003","hpgpEurope","5","7","8","13","2","hspEurasia","3","1824"
"706","HpGP-RUS-004","hpgpEurope","5","7","8","13","2","hspNEurope","3","1823"
"707","HpGP-RUS-006","hpgpEurope","5","7","8","13","2","hspEurasia","3","1822"
"708","HpGP-RUS-007","hpgpEurope","5","7","8","13","2","hspNEurope","3","1821"
"709","HpGP-RUS-008","hpgpEurope","5","7","8","13","2","hspEurasia","3","1820"
"710","HpGP-RUS-009","hpgpEurope","5","7","8","13","2","hspEurasia","3","1819"
"711","HpGP-RUS-010","hpgpEurope","5","7","8","13","2","hspNEurope","3","1818"
"712","HpGP-RUS-011","hpgpEurope","5","7","8","13","2","hspEurasia","3","1817"
"713","HpGP-SGP-002","hpgpAsia","4","5","6","11","4","hspEAsia","5","1816"
"714","HpGP-SGP-003","hpgpAsia","4","5","6","11","4","hspEAsia","5","1815"
"715","HpGP-SGP-004","hpgpAsia","4","5","6","11","4","hspEAsia","5","1814"
"716","HpGP-SGP-005","hpgpAsia","4","5","6","11","4","hspEAsia","5","1813"
"717","HpGP-SGP-006","hpgpAsia","4","5","6","11","4","hspEAsia","5","1812"
"718","HpGP-SGP-007","hpgpAsia","4","5","6","11","4","hspEAsia","5","1811"
"719","HpGP-SGP-008","hpgpAsia","4","5","6","11","4","hspEAsia","5","1810"
"720","HpGP-SGP-009","hpgpAsia","4","5","6","11","4","hspEAsia","5","1809"
"721","HpGP-SGP-012","hpgpAsia","4","5","6","11","4","hspEAsia","5","1808"
"722","HpGP-SGP-013","hpgpAsia","4","5","6","11","4","hspEAsia","5","1807"
"723","HpGP-SGP-014","hpgpAsia","4","5","6","11","4","hspEAsia","5","1806"
"724","HpGP-SGP-015","hpgpAsia","4","5","6","11","4","hspEAsia","5","1805"
"725","HpGP-SGP-017","hpgpAsia","4","5","6","11","4","hspEAsia","5","1804"
"726","HpGP-SGP-018","hpgpAsia","4","5","6","11","4","hspEAsia","5","1803"
"727","HpGP-SGP-019","hpgpAsia","4","5","6","11","4","hspEAsia","5","1802"
"728","HpGP-SGP-024","hpgpAsia","4","5","6","11","4","hspEAsia","5","1801"
"729","HpGP-SGP-026","hpgpAsia","4","5","6","11","4","hspEAsia","5","1800"
"730","HpGP-SGP-032","hpgpAsia","4","5","6","11","4","hspEAsia","5","1799"
"731","HpGP-SGP-033","hpgpAsia","4","5","6","11","4","hspEAsia","5","1798"
"732","HpGP-SGP-036","hpgpAsia","4","5","6","11","4","hspEAsia","5","1797"
"733","HpGP-SGP-038","hpgpAsia","4","5","6","11","4","hspEAsia","5","1796"
"734","HpGP-SPA-001","hpgpMediterranea","2","2","2","2","1","hspSWEurope","1","1795"
"735","HpGP-SPA-002","hpgpMediterranea","2","2","2","2","1","hspSWEurope","1","1794"
"736","HpGP-SPA-003","hpgpMediterranea","2","2","2","2","1","hspSWEurope","1","1793"
"737","HpGP-SPA-004","hpgpMediterranea","2","2","2","2","1","hspSWEurope","1","1792"
"738","HpGP-SPA-005","hpgpMediterranea","2","2","2","2","1","hspSWEurope","1","1791"
"739","HpGP-SPA-006","hpgpMediterranea","2","2","2","2","1","hspSWEurope","1","1790"
"740","HpGP-SPA-007","hpgpMediterranea","2","2","2","2","1","hspSWEurope","1","1789"
"741","HpGP-SPA-008","hpgpMediterranea","2","2","2","2","1","hspSWEurope","1","1788"
"742","HpGP-SPA-009","hpgpMediterranea","2","2","2","2","1","hspSWEurope","1","1787"
"743","HpGP-SPA-010","hpgpMediterranea","2","2","2","2","1","hspSWEurope","1","1786"
"744","HpGP-SPA-011","hpgpMediterranea","5","7","8","13","2","hspEurasia","1","1785"
"745","HpGP-SPA-012","hpgpMediterranea","2","2","2","2","1","hspSWEurope","1","1784"
"746","HpGP-SPA-013","hpgpMediterranea","2","2","2","2","1","hspSWEurope","1","1783"
"747","HpGP-SPA-014","hpgpMediterranea","2","2","2","2","1","hspSWEurope","1","1782"
"748","HpGP-SPA-015","hpgpMediterranea","2","2","2","2","1","hspSWEurope","1","1781"
"749","HpGP-SPA-016","hpgpMediterranea","2","2","2","2","1","hspSWEurope","1","1780"
"750","HpGP-SPA-017","hpgpMediterranea","2","2","2","2","1","hspSWEurope","1","1779"
"751","HpGP-SPA-018","hpgpMediterranea","2","2","2","2","1","hspSWEuropeLatinAmerica","1","1778"
"752","HpGP-SPA-019","hpgpMediterranea","2","2","2","2","1","hspSWEurope","1","1777"
"753","HpGP-SPA-020","hpgpEuroamerica","2","2","2","2","1","hspSWEurope","1","1776"
"754","HpGP-SPA-101","hpgpEurope","5","7","8","13","2","hspEurasia","1","1775"
"755","HpGP-SPA-102","hpgpMediterranea","2","2","2","2","1","hspSWEurope","1","1774"
"756","HpGP-SPA-103","hpgpMediterranea","2","2","2","2","1","hspSWEurope","1","1773"
"757","HpGP-SPA-104","hpgpMediterranea","2","2","2","2","1","hspSWEurope","1","1772"
"758","HpGP-SPA-105","hpgpMediterranea","2","2","2","2","1","hspSWEurope","1","1771"
"759","HpGP-SPA-107","hpgpMediterranea","2","2","2","2","1","hspSWEurope","1","1770"
"760","HpGP-SPA-108","hpgpMediterranea","2","2","2","2","1","hspSWEurope","1","1769"
"761","HpGP-SPA-110","hpgpMediterranea","2","2","2","2","1","hspSWEurope","1","1768"
"762","HpGP-SPA-111","hpgpMediterranea","2","2","2","2","1","hspSWEurope","1","1767"
"763","HpGP-SPA-201","hpgpMediterranea","2","2","2","2","1","hspSWEurope","1","1766"
"764","HpGP-SPA-202","hpgpAfrica","3","3","3","3","3","hspAfrica1NAmerica","2","1765"
"765","HpGP-SPA-203","hpgpMediterranea","2","2","2","2","1","hspSWEurope","1","1764"
"766","HpGP-SPA-204","hpgpMediterranea","2","2","2","2","1","hspSWEurope","1","1763"
"767","HpGP-SPA-205","hpgpMediterranea","2","2","2","2","1","hspSWEurope","1","1762"
"768","HpGP-SPA-206","hpgpMediterranea","2","2","2","2","1","hspSWEurope","1","1761"
"769","HpGP-SPA-207","hpgpEuroamerica","2","2","2","2","1","hspSWEuropeLatinAmerica","1","1760"
"770","HpGP-SPA-209","hpgpMediterranea","2","2","2","2","1","hspSWEurope","1","1759"
"771","HpGP-SPA-210","hpgpMediterranea","2","2","2","2","1","hspSWEurope","1","1758"
"772","HpGP-SPA-301","hpgpMediterranea","2","2","2","2","1","hspSWEurope","1","1757"
"773","HpGP-SPA-302","hpgpMediterranea","2","2","2","2","1","hspSWEurope","1","1756"
"774","HpGP-SPA-303","hpgpMediterranea","2","2","2","2","1","hspSWEurope","1","1755"
"775","HpGP-SPA-304","hpgpMediterranea","2","2","2","2","1","hspSWEurope","1","1754"
"776","HpGP-SPA-305","hpgpMediterranea","2","2","2","2","1","hspSWEuropeLatinAmerica","1","670"
"777","HpGP-SPA-306","hpgpMediterranea","2","2","2","2","1","hspSWEurope","1","1753"
"778","HpGP-SPA-307","hpgpMediterranea","2","2","2","2","1","hspSWEurope","1","1752"
"779","HpGP-SPA-308","hpgpMediterranea","2","2","2","2","1","hspSWEurope","1","1751"
"780","HpGP-SPA-309","hpgpEuroamerica","2","2","2","2","1","hspSWEuropeLatinAmerica","1","1750"
"781","HpGP-SPA-310","hpgpMediterranea","2","2","2","2","1","hspSWEurope","1","1749"
"782","HpGP-SPA-311","hpgpMediterranea","2","2","2","2","1","hspSWEurope","1","667"
"783","HpGP-SPA-312","hpgpMediterranea","2","2","2","2","1","hspSWEuropeLatinAmerica","1","1748"
"784","HpGP-SPA-313","hpgpEuroamerica","2","2","2","2","1","hspSWEuropeLatinAmerica","1","1747"
"785","HpGP-SPA-314","hpgpEuroamerica","2","2","2","2","1","hspSWEuropeLatinAmerica","1","1746"
"786","HpGP-SPA-315","hpgpMediterranea","2","2","2","2","1","hspSWEurope","1","1745"
"787","HpGP-SPA-316","hpgpMediterranea","2","2","2","2","1","hspSWEurope","1","1744"
"788","HpGP-SPA-317","hpgpAfrica","3","3","3","3","3","hspAfrica1NAmerica","2","1743"
"789","HpGP-SPA-318","hpgpEuroamerica","2","2","2","2","1","hspSWEuropeLatinAmerica","1","680"
"790","HpGP-SPA-319","hpgpMediterranea","2","2","2","2","1","hspSWEurope","1","1742"
"791","HpGP-SPA-320","hpgpMediterranea","2","2","2","2","1","hspSWEurope","1","677"
"792","HpGP-SPA-321","hpgpMediterranea","2","2","2","2","1","hspSWEurope","1","693"
"793","HpGP-SPA-322","hpgpMediterranea","2","2","2","2","1","hspSWEuropeLatinAmerica","1","692"
"794","HpGP-SPA-323","hpgpMediterranea","2","2","2","2","1","hspSWEurope","1","687"
"795","HpGP-SPA-324","hpgpMediterranea","2","2","2","2","1","hspSWEurope","1","53"
"796","HpGP-SPA-325","hpgpMediterranea","2","2","2","2","1","hspSWEurope","1","685"
"797","HpGP-SPA-401","hpgpMediterranea","2","2","2","2","1","hspSWEurope","1","1741"
"798","HpGP-SPA-402","hpgpAfrica","3","3","3","3","3","hspAfrica1MiscAmerica","2","1740"
"799","HpGP-SPA-403","hpgpMediterranea","2","2","2","2","1","hspSWEurope","1","1739"
"800","HpGP-SPA-404","hpgpEuroamerica","2","2","2","2","1","hspSWEurope","1","1738"
"801","HpGP-SPA-405","hpgpEuroamerica","2","2","2","2","1","hspSWEuropeLatinAmerica","1","1737"
"802","HpGP-SPA-406","hpgpMediterranea","2","2","2","2","1","hspSWEurope","1","1736"
"803","HpGP-SPA-407","hpgpMediterranea","2","2","2","2","1","hspSWEurope","1","1735"
"804","HpGP-SPA-409","hpgpAfroamerica","3","3","3","3","3","hspAfrica1MiscAmerica","2","1734"
"805","HpGP-SPA-413","hpgpMediterranea","2","2","2","2","1","hspSWEurope","1","1733"
"806","HpGP-SPA-414","hpgpMediterranea","2","2","2","2","1","hspSWEurope","1","1732"
"807","HpGP-SPA-501","hpgpMediterranea","2","2","2","2","1","hspSWEurope","1","1731"
"808","HpGP-SPA-502","hpgpMediterranea","2","2","2","2","1","hspSWEurope","1","1730"
"809","HpGP-SPA-503","hpgpMediterranea","2","2","2","2","1","hspSWEurope","1","1729"
"810","HpGP-SPA-504","hpgpEurope","5","7","8","13","2","hspEurasia","3","1728"
"811","HpGP-SPA-505","hpgpMediterranea","2","2","2","2","1","hspSWEurope","1","1727"
"812","HpGP-SPA-506","hpgpMediterranea","2","2","2","2","1","hspSWEurope","1","1726"
"813","HpGP-SPA-507","hpgpMediterranea","2","2","2","2","1","hspSWEurope","1","1725"
"814","HpGP-SPA-508","hpgpMediterranea","2","2","2","2","1","hspSWEurope","1","1724"
"815","HpGP-SPA-509","hpgpEuroamerica","2","2","2","2","1","hspSWEurope","1","1723"
"816","HpGP-SPA-510","hpgpMediterranea","2","2","2","2","1","hspSWEurope","1","1722"
"817","HpGP-SPA-601","hpgpMediterranea","2","2","2","2","1","hspSWEurope","1","1721"
"818","HpGP-SPA-604","hpgpMediterranea","2","2","2","2","1","hspSWEurope","1","1720"
"819","HpGP-SPA-606","hpgpMediterranea","2","2","2","2","1","hspSWEurope","1","1719"
"820","HpGP-SPA-607","hpgpMediterranea","2","2","2","2","1","hspSWEurope","1","1718"
"821","HpGP-SPA-609","hpgpAfroamerica","3","3","3","3","3","hspAfrica1MiscAmerica","2","1717"
"822","HpGP-SPA-610","hpgpMediterranea","2","2","2","2","1","hspSWEurope","1","1716"
"823","HpGP-SPA-611","hpgpEuroamerica","2","2","2","2","1","hspSWEurope","1","1715"
"824","HpGP-SPA-701","hpgpMediterranea","2","2","2","2","1","hspSWEurope","1","1714"
"825","HpGP-SPA-702","hpgpMediterranea","2","2","2","2","1","hspSWEurope","1","1713"
"826","HpGP-SPA-703","hpgpMediterranea","2","2","2","2","1","hspSWEurope","1","1712"
"827","HpGP-SPA-704","hpgpMediterranea","2","2","2","2","1","hspSWEurope","1","1711"
"828","HpGP-SPA-705","hpgpMediterranea","2","2","2","2","1","hspSWEurope","1","1710"
"829","HpGP-SPA-706","hpgpAsia","4","5","6","11","4","hspIndigenousAmerica","5","1709"
"830","HpGP-SPA-707","hpgpMediterranea","2","2","2","2","1","hspSWEurope","1","1708"
"831","HpGP-SPA-709","hpgpEurope","5","7","8","13","2","hspEurasia","3","1707"
"832","HpGP-SPA-710","hpgpEuroamerica","2","2","2","2","1","hspSWEuropeLatinAmerica","1","1706"
"833","HpGP-SPA-801","hpgpMediterranea","2","2","2","2","1","hspSWEurope","1","1705"
"834","HpGP-SPA-802","hpgpMediterranea","2","2","2","2","1","hspSWEurope","1","1704"
"835","HpGP-SPA-803","hpgpMediterranea","2","2","2","2","1","hspSWEurope","1","1703"
"836","HpGP-SPA-804","hpgpEuroamerica","2","2","2","2","1","hspSWEuropeLatinAmerica","1","1702"
"837","HpGP-SPA-805","hpgpMediterranea","2","2","2","2","1","hspSWEurope","1","1701"
"838","HpGP-SPA-806","hpgpEurope","5","7","8","13","2","hspNEurope","3","1700"
"839","HpGP-SPA-807","hpgpEuroamerica","2","2","2","2","1","hspSWEurope","1","1699"
"840","HpGP-SWE-001","hpgpEurope","5","7","8","13","2","hspNEurope","3","736"
"841","HpGP-SWE-002","hpgpEurope","5","7","8","13","2","hspNEurope","3","1698"
"842","HpGP-SWE-003","hpgpEurope","5","7","8","13","2","hspEurasia","3","1543"
"843","HpGP-SWE-004","hpgpEurope","5","7","8","13","2","hspEurasia","3","1543"
"844","HpGP-SWE-005","hpgpEurope","5","7","8","13","2","hspNEurope","3","1697"
"845","HpGP-SWE-006","hpgpEurope","5","7","8","13","2","hspEurasia","1","1696"
"846","HpGP-SWE-007","hpgpEurope","5","7","8","13","2","hspNEurope","3","1695"
"847","HpGP-SWE-008","hpgpEurope","5","7","8","13","2","hspNEurope","3","747"
"848","HpGP-SWE-010","hpgpEurope","5","7","8","13","2","hspNEurope","3","1694"
"849","HpGP-SWE-012","hpgpEurope","5","7","8","13","2","hspEurasia","3","1693"
"850","HpGP-SWE-013","hpgpEurope","5","7","8","13","2","hspNEurope","3","1692"
"851","HpGP-SWE-014","hpgpEurope","5","7","8","13","2","hspNEurope","3","746"
"852","HpGP-SWE-015","hpgpEurope","5","7","8","13","2","hspNEurope","3","1691"
"853","HpGP-SWE-016","hpgpEurope","5","7","8","13","2","hspNEurope","3","308"
"854","HpGP-SWE-017","hpgpEurope","5","7","8","13","2","hspNEurope","3","1690"
"855","HpGP-SWE-018","hpgpEurasia","5","7","8","13","2","hspNEurope","3","748"
"856","HpGP-SWE-019","hpgpEurope","5","7","8","13","2","hspNEurope","3","1689"
"857","HpGP-SWE-021","hpgpEurope","5","7","8","13","2","hspNEurope","3","1688"
"858","HpGP-SWE-022","hpgpEurope","5","7","8","13","2","hspNEurope","3","743"
"859","HpGP-SWE-024","hpgpEurope","5","7","8","13","2","hspNEurope","3","742"
"860","HpGP-SWE-025","hpgpEurope","5","7","8","13","2","hspNEurope","3","1687"
"861","HpGP-SWE-026","hpgpEurope","5","7","8","13","2","hspNEurope","3","754"
"862","HpGP-SWE-027","hpgpEurope","5","7","8","13","2","hspNEurope","3","1686"
"863","HpGP-SWE-028","hpgpEurope","5","7","8","13","2","hspNEurope","3","1685"
"864","HpGP-SWE-030","hpgpEurope","5","7","8","13","2","hspNEurope","3","1684"
"865","HpGP-SWE-031","hpgpEurope","5","7","8","13","2","hspNEurope","3","1683"
"866","HpGP-SWE-032","hpgpEurope","5","7","8","13","2","hspNEurope","3","1682"
"867","HpGP-SWE-033","hpgpEurope","5","7","8","13","2","hspNEurope","3","1681"
"868","HpGP-SWE-034","hpgpEurope","5","7","8","13","2","hspNEurope","3","1680"
"869","HpGP-SWE-036","hpgpEurope","5","7","8","13","2","hspNEurope","3","1679"
"870","HpGP-SWT-001","hpgpMediterranea","2","2","2","2","1","hspSWEurope","1","542"
"871","HpGP-SWT-002","hpgpEurope","5","7","8","13","2","hspEurasia","3","1678"
"872","HpGP-SWT-003","hpgpMediterranea","2","2","2","2","1","hspSWEurope","1","1677"
"873","HpGP-SWT-004","hpgpEurope","5","7","8","13","2","hspEurasia","3","1676"
"874","HpGP-SWT-005","hpgpEuroamerica","2","2","2","2","1","hspSWEuropeLatinAmerica","1","530"
"875","HpGP-SWT-006","hpgpEurope","5","7","8","13","2","hspEurasia","3","582"
"876","HpGP-SWT-007","hpgpEurope","5","7","8","13","2","hspEurasia","3","580"
"877","HpGP-SWT-008","hpgpEurope","5","7","8","13","2","hspEurasia","3","1675"
"878","HpGP-SWT-010","hpgpMediterranea","2","2","2","2","1","hpNEAfrica","1","549"
"879","HpGP-SWT-011","hpgpEurope","5","7","8","13","2","hspNEurope","3","564"
"880","HpGP-SWT-012","hpgpMediterranea","2","2","2","2","1","hspSWEurope","1","579"
"881","HpGP-SWT-013","hpgpEurope","5","7","8","13","2","hspEurasia","1","1674"
"882","HpGP-SWT-014","hpgpEurope","5","7","8","13","2","hspEurasia","1","598"
"883","HpGP-SWT-015","hpgpMediterranea","2","2","2","2","1","hspSWEurope","1","532"
"884","HpGP-SWT-017","hpgpMediterranea","5","7","8","13","2","hspEurasia","1","1673"
"885","HpGP-TUR-001","hpgpEurope","5","7","8","13","2","hspEurasia","3","1672"
"886","HpGP-TUR-002","hpgpEurope","5","7","8","13","2","hspEurasia","3","1542"
"887","HpGP-TUR-003","hpgpEurope","5","7","8","13","2","hspEurasia","1","1671"
"888","HpGP-TUR-004","hpgpEurope","5","7","8","13","2","hspEurasia","1","1670"
"889","HpGP-TUR-005","hpgpEurope","5","7","8","13","2","hspEurasia","3","1542"
"890","HpGP-TUR-006","hpgpEurope","5","7","8","13","2","hspEurasia","3","1669"
"891","HpGP-TUR-007","hpgpEurope","5","7","8","13","2","hspEurasia","3","1538"
"892","HpGP-TUR-008","hpgpEurope","5","7","8","13","2","hspEurasia","3","1668"
"893","HpGP-TUR-009","hpgpEurope","5","7","8","13","2","hspEurasia","3","1667"
"894","HpGP-TUR-010","hpgpEurope","5","7","8","13","2","hspEurasia","1","1666"
"895","HpGP-TUR-011","hpgpEurope","5","7","8","13","2","hspEurasia","3","1538"
"896","HpGP-TUR-014","hpgpEurope","5","7","8","13","2","hspEurasia","3","1665"
"897","HpGP-TUR-016","hpgpEurope","5","7","8","13","2","hspEurasia","3","1664"
"898","HpGP-TUR-017","hpgpEurope","5","7","8","13","2","hspEurasia","3","1663"
"899","HpGP-TUR-021","hpgpEurope","5","7","8","13","2","hspEurasia","3","1538"
"900","HpGP-TUR-022","hpgpEurope","5","7","8","13","2","hspEurasia","3","1662"
"901","HpGP-TUR-023","hpgpEurope","5","7","8","13","2","hspEurasia","3","1661"
"902","HpGP-TWN-001","hpgpAsia","4","5","6","11","4","hspEAsia","5","1660"
"903","HpGP-TWN-002","hpgpAsia","4","5","6","11","4","hspEAsia","5","1659"
"904","HpGP-TWN-003","hpgpAsia","4","5","6","11","4","hspEAsia","5","1658"
"905","HpGP-TWN-004","hpgpAsia","4","5","6","11","4","hspEAsia","5","1657"
"906","HpGP-TWN-005","hpgpAsia","4","5","6","11","4","hspEAsia","5","1656"
"907","HpGP-TWN-006","hpgpAsia","4","5","6","11","4","hspEAsia","5","1655"
"908","HpGP-TWN-007","hpgpAsia","4","5","6","11","4","hspEAsia","5","1654"
"909","HpGP-TWN-008","hpgpAsia","4","5","6","11","4","hspEAsia","5","1653"
"910","HpGP-TWN-009","hpgpAsia","4","5","6","11","4","hspEAsia","5","1652"
"911","HpGP-TWN-010","hpgpAsia","4","5","6","11","4","hspEAsia","5","1651"
"912","HpGP-TWN-016","hpgpAsia","4","5","6","11","4","hspEAsia","5","1650"
"913","HpGP-TWN-017","hpgpAsia","4","5","6","11","4","hspEAsia","5","1649"
"914","HpGP-TWN-018","hpgpAsia","4","5","6","11","4","hspEAsia","5","1648"
"915","HpGP-TWN-019","hpgpAsia","4","5","6","11","4","hspEAsia","5","1647"
"916","HpGP-TWN-020","hpgpAsia","4","5","6","11","4","hspEAsia","5","1646"
"917","HpGP-TWN-021","hpgpAsia","4","5","6","11","4","hspEAsia","5","1645"
"918","HpGP-TWN-022","hpgpAsia","4","5","6","11","4","hspEAsia","5","1644"
"919","HpGP-TWN-023","hpgpAsia","4","5","6","11","4","hspEAsia","5","1643"
"920","HpGP-TWN-024","hpgpAsia","4","5","6","11","4","hspEAsia","5","1642"
"921","HpGP-TWN-026","hpgpAsia","4","5","6","11","4","hspEAsia","5","1641"
"922","HpGP-TWN-027","hpgpAsia","4","5","6","11","4","hspEAsia","5","1640"
"923","HpGP-TWN-028","hpgpAsia","4","5","6","11","4","hspEAsia","5","1639"
"924","HpGP-TWN-029","hpgpAsia","4","5","6","11","4","hspEAsia","5","1638"
"925","HpGP-TWN-030","hpgpAsia","4","5","6","11","4","hspEAsia","5","1637"
"926","HpGP-USA-001","hpgpMediterranea","2","2","2","2","1","hspSWEuropeLatinAmerica","1","1636"
"927","HpGP-USA-002","hpgpEuroamerica","2","2","2","2","1","hspSWEuropeLatinAmerica","1","1635"
"928","HpGP-USA-003","hpgpAfroamerica","3","3","3","3","3","hspAfrica1NAmerica","2","1634"
"929","HpGP-USA-004","hpgpEuroamerica","2","2","2","2","1","hspSWEuropeLatinAmerica","1","1633"
"930","HpGP-USA-005","hpgpMediterranea","2","2","2","2","1","hspSWEurope","1","1632"
"931","HpGP-USA-008","hpgpEuroamerica","2","2","2","2","1","hspSWEurope","1","1631"
"932","HpGP-USA-009","hpgpEurope","5","7","8","13","2","hspEurasia","1","1630"
"933","HpGP-USA-011","hpgpAsia","4","5","6","11","4","hspEAsia","5","1629"
"934","HpGP-USA-101","hpgpEurope","5","7","8","13","2","hspNEurope","3","1628"
"935","HpGP-USA-102","hpgpAfrica","3","3","3","3","3","hspAfrica1NAmerica","2","1627"
"936","HpGP-USA-104","hpgpAfrica","3","3","3","3","3","hspAfrica1NAmerica","2","1626"
"937","HpGP-USA-105","hpgpAfroamerica","3","3","3","3","3","hspAfrica1NAmerica","2","1625"
"938","HpGP-USA-106","hpgpEurope","5","7","8","13","1","hpNEAfrica","1","1624"
"939","HpGP-USA-115","hpgpMediterranea","5","7","8","13","1","hpNEAfrica","1","1623"
"940","HpGP-USA-116","hpgpEurope","5","7","8","13","1","hpNEAfrica","1","1622"
"941","HpGP-USA-119","hpgpMediterranea","5","7","8","13","1","hpNEAfrica","1","1621"
"942","HpGP-USA-120","hpgpEurope","5","7","8","13","1","hpNEAfrica","1","1620"
"943","HpGP-USA-123","hpgpEurope","5","7","8","13","2","hspNEurope","3","1619"
"944","HpGP-USA-201","hpgpMediterranea","2","2","2","2","1","hspSWEurope","1","1618"
"945","HpGP-USA-202","hpgpAfrica","3","3","3","3","3","hspAfrica1NAmerica","2","1617"
"946","HpGP-USA-203","hpgpEuroamerica","2","2","2","2","1","hspSWEuropeLatinAmerica","1","1616"
"947","HpGP-USA-204","hpgpEuroamerica","2","2","2","2","1","hspSWEuropeLatinAmerica","1","1615"
"948","HpGP-USA-205","hpgpAsia","4","5","6","11","4","hspIndigenousAmerica","5","1614"
"949","HpGP-USA-206","hpgpAfroamerica","3","3","3","3","3","hspAfrica1NAmerica","2","1613"
"950","HpGP-USA-207","hpgpMediterranea","2","2","2","2","1","hspSWEurope","1","1612"
"951","HpGP-USA-208","hpgpMediterranea","2","2","2","2","1","hspSWEurope","1","1611"
"952","HpGP-USA-301","hpgpAfrica","3","3","3","3","3","hspAfrica1NAmerica","2","417"
"953","HpGP-USA-302","hpgpEuroamerica","2","2","2","2","1","hspSWEuropeLatinAmerica","1","412"
"954","HpGP-USA-303","hpgpAfrica","3","3","3","3","3","hspAfrica1NAmerica","2","408"
"955","HpGP-USA-304","hpgpAfrica","3","3","3","3","3","hspAfrica1NAmerica","2","404"
"956","HpGP-USA-305","hpgpAfrica","3","3","3","3","3","hspAfrica1NAmerica","2","402"
"957","HpGP-USA-306","hpgpAfroamerica","3","3","3","3","3","hspAfrica1NAmerica","2","98"
"958","HpGP-USA-311","hpgpAfroamerica","3","3","3","3","3","hspAfrica1NAmerica","2","1610"
"959","HpGP-USA-401","hpgpEurope","5","7","8","13","1","hpNEAfrica","1","1541"
"960","HpGP-USA-402","hpgpEurope","5","7","8","13","1","hpNEAfrica","1","1609"
"961","HpGP-USA-403","hpgpAfrica","3","3","3","3","3","hspAfrica1WAfrica","2","1608"
"962","HpGP-USA-404","hpgpEurope","5","7","8","13","1","hpNEAfrica","1","1541"
"963","HpGP-USA-405","hpgpEurope","5","7","8","13","1","hpNEAfrica","1","1607"
"964","HpGP-USA-406","hpgpAfrica","3","3","3","3","3","hspAfrica1NAmerica","2","1606"
"965","HpGP-USA-407","hpgpEurope","5","7","8","13","1","hpNEAfrica","1","1605"
"966","HpGP-USA-408","hpgpAfroamerica","3","3","3","3","3","hspAfrica1NAmerica","2","1604"
"967","HpGP-USA-409","hpgpAfroamerica","3","3","3","3","3","hspAfrica1NAmerica","2","1603"
"968","HpGP-USA-410","hpgpEurope","5","7","8","13","1","hpNEAfrica","1","1602"
"969","HpGP-USA-411","hpgpAfroamerica","3","3","3","3","3","hspAfrica1MiscAmerica","2","1601"
"970","HpGP-USA-412","hpgpAfroamerica","3","3","3","3","3","hspAfrica1NAmerica","2","1600"
"971","HpGP-USA-413","hpgpAfroamerica","3","3","3","3","3","hspAfrica1NAmerica","2","1599"
"972","HpGP-USA-414","hpgpMediterranea","2","2","2","2","1","hpNEAfrica","1","1598"
"973","HpGP-USA-415","hpgpAfrica","3","3","3","3","3","hspAfrica1NAmerica","2","1597"
"974","HpGP-USA-416","hpgpAfrica","3","3","3","3","3","hspAfrica1NAmerica","2","1596"
"975","HpGP-USA-417","hpgpAfrica","3","3","3","3","3","hspAfrica1NAmerica","2","1595"
"976","HpGP-USA-418","hpgpAfrica","3","3","3","3","3","hspAfrica1NAmerica","2","1594"
"977","HpGP-USA-419","hpgpAfrica","3","3","3","3","3","hspAfrica1NAmerica","2","1593"
"978","HpGP-USA-420","hpgpAfrica","3","3","3","3","3","hspAfrica1NAmerica","2","1592"
"979","HpGP-USA-421","hpgpAfrica","3","3","3","3","3","hspAfrica1NAmerica","2","1591"
"980","HpGP-USA-422","hpgpEurasia","5","6","7","12","4","HpAsia2","3","1590"
"981","HpGP-USA-423","hpgpMediterranea","5","7","8","13","1","hpNEAfrica","1","1589"
"982","HpGP-USA-424","hpgpAfrica","3","3","3","3","3","hspAfrica1NAmerica","2","1588"
"983","HpGP-USA-425","hpgpAsia","4","5","6","11","4","hspEAsia","5","1587"
"984","HpGP-USA-427","hpgpAfrica","3","3","3","3","3","hspAfrica1WAfrica","2","1586"
"985","HpGP-USA-428","hpgpAfrica","3","3","3","3","3","hspAfrica1NAmerica","2","1585"
"986","HpGP-USA-429","hpgpAfrica","3","3","3","3","3","hspAfrica1NAmerica","2","1584"
"987","HpGP-USA-431","hpgpEurope","5","7","8","13","1","hpNEAfrica","1","1583"
"988","HpGP-USA-432","hpgpAfrica","3","3","3","3","3","hspAfrica1NAmerica","2","1582"
"989","HpGP-USA-433","hpgpAfrica","3","3","3","3","3","hspAfrica1NAmerica","2","1581"
"990","HpGP-USA-434","hpgpAfrica","3","3","3","3","3","hspAfrica1NAmerica","2","1580"
"991","HpGP-USA-435","hpgpAfrica","3","3","3","3","3","hspAfrica1WAfrica","2","1579"
"992","HpGP-USA-436","hpgpEurope","5","7","8","13","1","hpNEAfrica","1","1578"
"993","HpGP-USA-437","hpgpAfrica","3","3","3","3","3","hspAfrica1NAmerica","2","1577"
"994","HpGP-VNM-001","hpgpAsia","4","5","6","11","4","hspEAsia","5","1576"
"995","HpGP-VNM-002","hpgpAsia","4","5","6","11","4","hspEAsia","5","1575"
"996","HpGP-VNM-003","hpgpAsia","4","5","6","11","4","hspEAsia","5","1574"
"997","HpGP-VNM-004","hpgpAsia","4","5","6","11","4","hspEAsia","5","1573"
"998","HpGP-VNM-005","hpgpAsia","4","5","6","11","4","hspEAsia","5","1572"
"999","HpGP-VNM-006","hpgpAsia","4","5","6","11","4","hspEAsia","5","1571"
"1000","HpGP-VNM-007","hpgpAsia","4","5","6","11","4","hspEAsia","5","1570"
"1001","HpGP-VNM-008","hpgpAsia","4","5","6","11","4","hspEAsia","5","1569"
"1002","HpGP-VNM-009","hpgpAsia","4","5","6","11","4","hspEAsia","5","1568"
"1003","HpGP-ZAF-001","hpgpAfrica-distant","1","1","1","1","3","HpAfrica2","4","1567"
"1004","HpGP-ZAF-002","hpgpAfrica","3","3","3","3","3","hspAfrica1SAfrica","2","1566"
"1005","HpGP-ZAF-004","hpgpAfrica","3","3","3","3","3","hspAfrica1SAfrica","2","1565"
"1006","HpGP-ZAF-006","hpgpAfrica-distant","1","1","1","1","3","HpAfrica2","4","1564"
"1007","HpGP-ZAF-007","hpgpAfrica-distant","1","1","1","1","3","HpAfrica2","4","1563"
"1008","HpGP-ZAF-008","hpgpEuroamerica","2","2","2","2","3","hspAfrica1SAfrica","1","1562"
"1009","HpGP-ZAF-009","hpgpAfrica-distant","1","1","1","1","3","HpAfrica2","4","1561"
"1010","HpGP-ZAF-010","hpgpAfrica","3","3","3","3","3","hspAfrica1SAfrica","2","1560"
"1011","HpGP-ZAF-011","hpgpAfrica","3","3","3","3","3","hspAfrica1NAmerica","2","1559"
